banka,url,baslik,kategori,telefon,email,icerik
Kuveyt Türk,https://www.kuveytturk.com.tr/basvuru-merkezi/kendim-icin/ihtiyac-kart-basvuru-formu,İhtiyaç Kart Başvurusu | Kuveyt Türk Katılım Bankası,Kart,,,İhtiyaç Kart Başvurusu | Kuveyt Türk Katılım Bankası Hakkımızda Finans Portalı Özel Bankacılık Yatırımcı İlişkileri Şube ve ATM’ler Dijital Bankacılık Ürün ve Hizmet Ücretleri English العربية Search Kendim İçin Ana Sayfa Finansmanlar Konut Finansmanları Araç Finansmanları Alışveriş Finansmanları İhtiyaç Finansmanları Sürdürülebilir Finansmanlar Hesaplar Cari Hesaplar Katılma Hesapları Altın Hesapları Yatırım Hesabı Diğer Kıymetli Maden Hesapları IBAN Sorgulama TMSF Güvencesi Kartlar Kredi Kartları Banka Kartları Kartlarımızın Ortak Özellikleri Harcama İtirazı (Chargeback) Nasıl Yapılır? Kart Karşılaştırma Ödemeler ve Hizmetler Diğer Hizmetler Ödemeler Sigorta ve Emeklilik Faizsiz Sigortacılık Nedir? Hayat Sigortaları Elementer Sigortalar Emeklilik Sağlık Sigortaları Yatırım Ürünleri Hazine Ürünleri Sermaye Piyasası Ürünleri Fonum Ne Getirdi? Yatırım Rehberim Altın Bankacılığı Altın Hesapları Altın Günleri Kuyumcular Aracılığı ile Altın Toplama Canlı Altın Fiyatları Özel Bankacılık Size Özel Hizmetlerimiz Özel Bankacılık Kredi Kartı Biz Bize Bankacılık Biz Bize Bankacılık Biz Bize Plus Biz Bize Yabancı Bankacılık Yabancı Bankacılık Bankacılık İşlemleri Dijital Bankacılık Nasıl Müşteri Olunur? Yurt Dışı İşlemler Kampüs Kampüs Nedir? Kuveyt Türk Kampüs’e Gelenlere Toplamda 13.500 TL Hediye! Ayın Kampüslüsü’ne Özel Fırsatlar! Bir Defa Yurt Dışı Çıkış Harcın Kampüs'ten! Eğitim Harcamalarında Sağlam Avantaj: 5 Taksit Fırsatı! Kampüs’le Finansı Keşfet! Sağlam Kart Kampüs'e Başvur! Y
Kuveyt Türk,https://www.kuveytturk.com.tr/hesaplama-araclari,Hesaplama Araçları | Kuveyt Türk Katılım Bankası,Hesap,,,Hesaplama Araçları | Kuveyt Türk Katılım Bankası Hakkımızda Finans Portalı Özel Bankacılık Yatırımcı İlişkileri Şube ve ATM’ler Dijital Bankacılık Ürün ve Hizmet Ücretleri English العربية Search Kendim İçin Ana Sayfa Finansmanlar Konut Finansmanları Araç Finansmanları Alışveriş Finansmanları İhtiyaç Finansmanları Sürdürülebilir Finansmanlar Hesaplar Cari Hesaplar Katılma Hesapları Altın Hesapları Yatırım Hesabı Diğer Kıymetli Maden Hesapları IBAN Sorgulama TMSF Güvencesi Kartlar Kredi Kartları Banka Kartları Kartlarımızın Ortak Özellikleri Harcama İtirazı (Chargeback) Nasıl Yapılır? Kart Karşılaştırma Ödemeler ve Hizmetler Diğer Hizmetler Ödemeler Sigorta ve Emeklilik Faizsiz Sigortacılık Nedir? Hayat Sigortaları Elementer Sigortalar Emeklilik Sağlık Sigortaları Yatırım Ürünleri Hazine Ürünleri Sermaye Piyasası Ürünleri Fonum Ne Getirdi? Yatırım Rehberim Altın Bankacılığı Altın Hesapları Altın Günleri Kuyumcular Aracılığı ile Altın Toplama Canlı Altın Fiyatları Özel Bankacılık Size Özel Hizmetlerimiz Özel Bankacılık Kredi Kartı Biz Bize Bankacılık Biz Bize Bankacılık Biz Bize Plus Biz Bize Yabancı Bankacılık Yabancı Bankacılık Bankacılık İşlemleri Dijital Bankacılık Nasıl Müşteri Olunur? Yurt Dışı İşlemler Kampüs Kampüs Nedir? Kuveyt Türk Kampüs’e Gelenlere Toplamda 13.500 TL Hediye! Ayın Kampüslüsü’ne Özel Fırsatlar! Bir Defa Yurt Dışı Çıkış Harcın Kampüs'ten! Eğitim Harcamalarında Sağlam Avantaj: 5 Taksit Fırsatı! Kampüs’le Finansı Keşfet! Sağlam Kart Kampüs'e Başvur! Yakın
Kuveyt Türk,https://www.kuveytturk.com.tr/hesaplama-araclari/doviz-cevirici,Döviz Çevirici | Kuveyt Türk Katılım Bankası,Hesap,,,Döviz Çevirici | Kuveyt Türk Katılım Bankası Hakkımızda Finans Portalı Özel Bankacılık Yatırımcı İlişkileri Şube ve ATM’ler Dijital Bankacılık Ürün ve Hizmet Ücretleri English العربية Search Kendim İçin Ana Sayfa Finansmanlar Konut Finansmanları Araç Finansmanları Alışveriş Finansmanları İhtiyaç Finansmanları Sürdürülebilir Finansmanlar Hesaplar Cari Hesaplar Katılma Hesapları Altın Hesapları Yatırım Hesabı Diğer Kıymetli Maden Hesapları IBAN Sorgulama TMSF Güvencesi Kartlar Kredi Kartları Banka Kartları Kartlarımızın Ortak Özellikleri Harcama İtirazı (Chargeback) Nasıl Yapılır? Kart Karşılaştırma Ödemeler ve Hizmetler Diğer Hizmetler Ödemeler Sigorta ve Emeklilik Faizsiz Sigortacılık Nedir? Hayat Sigortaları Elementer Sigortalar Emeklilik Sağlık Sigortaları Yatırım Ürünleri Hazine Ürünleri Sermaye Piyasası Ürünleri Fonum Ne Getirdi? Yatırım Rehberim Altın Bankacılığı Altın Hesapları Altın Günleri Kuyumcular Aracılığı ile Altın Toplama Canlı Altın Fiyatları Özel Bankacılık Size Özel Hizmetlerimiz Özel Bankacılık Kredi Kartı Biz Bize Bankacılık Biz Bize Bankacılık Biz Bize Plus Biz Bize Yabancı Bankacılık Yabancı Bankacılık Bankacılık İşlemleri Dijital Bankacılık Nasıl Müşteri Olunur? Yurt Dışı İşlemler Kampüs Kampüs Nedir? Kuveyt Türk Kampüs’e Gelenlere Toplamda 13.500 TL Hediye! Ayın Kampüslüsü’ne Özel Fırsatlar! Bir Defa Yurt Dışı Çıkış Harcın Kampüs'ten! Eğitim Harcamalarında Sağlam Avantaj: 5 Taksit Fırsatı! Kampüs’le Finansı Keşfet! Sağlam Kart Kampüs'e Başvur! Yakınları
Kuveyt Türk,https://www.kuveytturk.com.tr/isim-icin/diger-urun-ve-hizmetlerimiz/proje-finansmani,Proje Finansmanı | Kuveyt Türk Katılım Bankası,Finansman,,,Proje Finansmanı | Kuveyt Türk Katılım Bankası Hakkımızda Finans Portalı Özel Bankacılık Yatırımcı İlişkileri Şube ve ATM’ler Dijital Bankacılık Ürün ve Hizmet Ücretleri English العربية Search Kendim İçin Ana Sayfa Finansmanlar Konut Finansmanları Araç Finansmanları Alışveriş Finansmanları İhtiyaç Finansmanları Sürdürülebilir Finansmanlar Hesaplar Cari Hesaplar Katılma Hesapları Altın Hesapları Yatırım Hesabı Diğer Kıymetli Maden Hesapları IBAN Sorgulama TMSF Güvencesi Kartlar Kredi Kartları Banka Kartları Kartlarımızın Ortak Özellikleri Harcama İtirazı (Chargeback) Nasıl Yapılır? Kart Karşılaştırma Ödemeler ve Hizmetler Diğer Hizmetler Ödemeler Sigorta ve Emeklilik Faizsiz Sigortacılık Nedir? Hayat Sigortaları Elementer Sigortalar Emeklilik Sağlık Sigortaları Yatırım Ürünleri Hazine Ürünleri Sermaye Piyasası Ürünleri Fonum Ne Getirdi? Yatırım Rehberim Altın Bankacılığı Altın Hesapları Altın Günleri Kuyumcular Aracılığı ile Altın Toplama Canlı Altın Fiyatları Özel Bankacılık Size Özel Hizmetlerimiz Özel Bankacılık Kredi Kartı Biz Bize Bankacılık Biz Bize Bankacılık Biz Bize Plus Biz Bize Yabancı Bankacılık Yabancı Bankacılık Bankacılık İşlemleri Dijital Bankacılık Nasıl Müşteri Olunur? Yurt Dışı İşlemler Kampüs Kampüs Nedir? Kuveyt Türk Kampüs’e Gelenlere Toplamda 13.500 TL Hediye! Ayın Kampüslüsü’ne Özel Fırsatlar! Bir Defa Yurt Dışı Çıkış Harcın Kampüs'ten! Eğitim Harcamalarında Sağlam Avantaj: 5 Taksit Fırsatı! Kampüs’le Finansı Keşfet! Sağlam Kart Kampüs'e Başvur! Yakınla
Kuveyt Türk,https://www.kuveytturk.com.tr/isim-icin/dis-ticaret/finansmanlar,Finansmanlar | Kuveyt Türk Katılım Bankası,Finansman,,,Finansmanlar | Kuveyt Türk Katılım Bankası Hakkımızda Finans Portalı Özel Bankacılık Yatırımcı İlişkileri Şube ve ATM’ler Dijital Bankacılık Ürün ve Hizmet Ücretleri English العربية Search Kendim İçin Ana Sayfa Finansmanlar Konut Finansmanları Araç Finansmanları Alışveriş Finansmanları İhtiyaç Finansmanları Sürdürülebilir Finansmanlar Hesaplar Cari Hesaplar Katılma Hesapları Altın Hesapları Yatırım Hesabı Diğer Kıymetli Maden Hesapları IBAN Sorgulama TMSF Güvencesi Kartlar Kredi Kartları Banka Kartları Kartlarımızın Ortak Özellikleri Harcama İtirazı (Chargeback) Nasıl Yapılır? Kart Karşılaştırma Ödemeler ve Hizmetler Diğer Hizmetler Ödemeler Sigorta ve Emeklilik Faizsiz Sigortacılık Nedir? Hayat Sigortaları Elementer Sigortalar Emeklilik Sağlık Sigortaları Yatırım Ürünleri Hazine Ürünleri Sermaye Piyasası Ürünleri Fonum Ne Getirdi? Yatırım Rehberim Altın Bankacılığı Altın Hesapları Altın Günleri Kuyumcular Aracılığı ile Altın Toplama Canlı Altın Fiyatları Özel Bankacılık Size Özel Hizmetlerimiz Özel Bankacılık Kredi Kartı Biz Bize Bankacılık Biz Bize Bankacılık Biz Bize Plus Biz Bize Yabancı Bankacılık Yabancı Bankacılık Bankacılık İşlemleri Dijital Bankacılık Nasıl Müşteri Olunur? Yurt Dışı İşlemler Kampüs Kampüs Nedir? Kuveyt Türk Kampüs’e Gelenlere Toplamda 13.500 TL Hediye! Ayın Kampüslüsü’ne Özel Fırsatlar! Bir Defa Yurt Dışı Çıkış Harcın Kampüs'ten! Eğitim Harcamalarında Sağlam Avantaj: 5 Taksit Fırsatı! Kampüs’le Finansı Keşfet! Sağlam Kart Kampüs'e Başvur! Yakınlarını
Kuveyt Türk,https://www.kuveytturk.com.tr/isim-icin/finansman-urunleri,Finansman Ürünleri | Kuveyt Türk Katılım Bankası,Finansman,,,Finansman Ürünleri | Kuveyt Türk Katılım Bankası Hakkımızda Finans Portalı Özel Bankacılık Yatırımcı İlişkileri Şube ve ATM’ler Dijital Bankacılık Ürün ve Hizmet Ücretleri English العربية Search Kendim İçin Ana Sayfa Finansmanlar Konut Finansmanları Araç Finansmanları Alışveriş Finansmanları İhtiyaç Finansmanları Sürdürülebilir Finansmanlar Hesaplar Cari Hesaplar Katılma Hesapları Altın Hesapları Yatırım Hesabı Diğer Kıymetli Maden Hesapları IBAN Sorgulama TMSF Güvencesi Kartlar Kredi Kartları Banka Kartları Kartlarımızın Ortak Özellikleri Harcama İtirazı (Chargeback) Nasıl Yapılır? Kart Karşılaştırma Ödemeler ve Hizmetler Diğer Hizmetler Ödemeler Sigorta ve Emeklilik Faizsiz Sigortacılık Nedir? Hayat Sigortaları Elementer Sigortalar Emeklilik Sağlık Sigortaları Yatırım Ürünleri Hazine Ürünleri Sermaye Piyasası Ürünleri Fonum Ne Getirdi? Yatırım Rehberim Altın Bankacılığı Altın Hesapları Altın Günleri Kuyumcular Aracılığı ile Altın Toplama Canlı Altın Fiyatları Özel Bankacılık Size Özel Hizmetlerimiz Özel Bankacılık Kredi Kartı Biz Bize Bankacılık Biz Bize Bankacılık Biz Bize Plus Biz Bize Yabancı Bankacılık Yabancı Bankacılık Bankacılık İşlemleri Dijital Bankacılık Nasıl Müşteri Olunur? Yurt Dışı İşlemler Kampüs Kampüs Nedir? Kuveyt Türk Kampüs’e Gelenlere Toplamda 13.500 TL Hediye! Ayın Kampüslüsü’ne Özel Fırsatlar! Bir Defa Yurt Dışı Çıkış Harcın Kampüs'ten! Eğitim Harcamalarında Sağlam Avantaj: 5 Taksit Fırsatı! Kampüs’le Finansı Keşfet! Sağlam Kart Kampüs'e Başvur! Yakın
Kuveyt Türk,https://www.kuveytturk.com.tr/isim-icin/finansman-urunleri/cati-ges-finansmani,Çatı GES Finansmanı | Kuveyt Türk Katılım Bankası,Finansman,,,Çatı GES Finansmanı | Kuveyt Türk Katılım Bankası Hakkımızda Finans Portalı Özel Bankacılık Yatırımcı İlişkileri Şube ve ATM’ler Dijital Bankacılık Ürün ve Hizmet Ücretleri English العربية Search Kendim İçin Ana Sayfa Finansmanlar Konut Finansmanları Araç Finansmanları Alışveriş Finansmanları İhtiyaç Finansmanları Sürdürülebilir Finansmanlar Hesaplar Cari Hesaplar Katılma Hesapları Altın Hesapları Yatırım Hesabı Diğer Kıymetli Maden Hesapları IBAN Sorgulama TMSF Güvencesi Kartlar Kredi Kartları Banka Kartları Kartlarımızın Ortak Özellikleri Harcama İtirazı (Chargeback) Nasıl Yapılır? Kart Karşılaştırma Ödemeler ve Hizmetler Diğer Hizmetler Ödemeler Sigorta ve Emeklilik Faizsiz Sigortacılık Nedir? Hayat Sigortaları Elementer Sigortalar Emeklilik Sağlık Sigortaları Yatırım Ürünleri Hazine Ürünleri Sermaye Piyasası Ürünleri Fonum Ne Getirdi? Yatırım Rehberim Altın Bankacılığı Altın Hesapları Altın Günleri Kuyumcular Aracılığı ile Altın Toplama Canlı Altın Fiyatları Özel Bankacılık Size Özel Hizmetlerimiz Özel Bankacılık Kredi Kartı Biz Bize Bankacılık Biz Bize Bankacılık Biz Bize Plus Biz Bize Yabancı Bankacılık Yabancı Bankacılık Bankacılık İşlemleri Dijital Bankacılık Nasıl Müşteri Olunur? Yurt Dışı İşlemler Kampüs Kampüs Nedir? Kuveyt Türk Kampüs’e Gelenlere Toplamda 13.500 TL Hediye! Ayın Kampüslüsü’ne Özel Fırsatlar! Bir Defa Yurt Dışı Çıkış Harcın Kampüs'ten! Eğitim Harcamalarında Sağlam Avantaj: 5 Taksit Fırsatı! Kampüs’le Finansı Keşfet! Sağlam Kart Kampüs'e Başvur! Yakı
Kuveyt Türk,https://www.kuveytturk.com.tr/isim-icin/finansman-urunleri/gayri-nakdi-finansman,Gayri Nakdi Finansman | Kuveyt Türk Katılım Bankası,Finansman,,,Gayri Nakdi Finansman | Kuveyt Türk Katılım Bankası Hakkımızda Finans Portalı Özel Bankacılık Yatırımcı İlişkileri Şube ve ATM’ler Dijital Bankacılık Ürün ve Hizmet Ücretleri English العربية Search Kendim İçin Ana Sayfa Finansmanlar Konut Finansmanları Araç Finansmanları Alışveriş Finansmanları İhtiyaç Finansmanları Sürdürülebilir Finansmanlar Hesaplar Cari Hesaplar Katılma Hesapları Altın Hesapları Yatırım Hesabı Diğer Kıymetli Maden Hesapları IBAN Sorgulama TMSF Güvencesi Kartlar Kredi Kartları Banka Kartları Kartlarımızın Ortak Özellikleri Harcama İtirazı (Chargeback) Nasıl Yapılır? Kart Karşılaştırma Ödemeler ve Hizmetler Diğer Hizmetler Ödemeler Sigorta ve Emeklilik Faizsiz Sigortacılık Nedir? Hayat Sigortaları Elementer Sigortalar Emeklilik Sağlık Sigortaları Yatırım Ürünleri Hazine Ürünleri Sermaye Piyasası Ürünleri Fonum Ne Getirdi? Yatırım Rehberim Altın Bankacılığı Altın Hesapları Altın Günleri Kuyumcular Aracılığı ile Altın Toplama Canlı Altın Fiyatları Özel Bankacılık Size Özel Hizmetlerimiz Özel Bankacılık Kredi Kartı Biz Bize Bankacılık Biz Bize Bankacılık Biz Bize Plus Biz Bize Yabancı Bankacılık Yabancı Bankacılık Bankacılık İşlemleri Dijital Bankacılık Nasıl Müşteri Olunur? Yurt Dışı İşlemler Kampüs Kampüs Nedir? Kuveyt Türk Kampüs’e Gelenlere Toplamda 13.500 TL Hediye! Ayın Kampüslüsü’ne Özel Fırsatlar! Bir Defa Yurt Dışı Çıkış Harcın Kampüs'ten! Eğitim Harcamalarında Sağlam Avantaj: 5 Taksit Fırsatı! Kampüs’le Finansı Keşfet! Sağlam Kart Kampüs'e Başvur! Ya
Kuveyt Türk,https://www.kuveytturk.com.tr/isim-icin/finansman-urunleri/leasing,Leasing | Kuveyt Türk Katılım Bankası,Finansman,,,Leasing | Kuveyt Türk Katılım Bankası Hakkımızda Finans Portalı Özel Bankacılık Yatırımcı İlişkileri Şube ve ATM’ler Dijital Bankacılık Ürün ve Hizmet Ücretleri English العربية Search Kendim İçin Ana Sayfa Finansmanlar Konut Finansmanları Araç Finansmanları Alışveriş Finansmanları İhtiyaç Finansmanları Sürdürülebilir Finansmanlar Hesaplar Cari Hesaplar Katılma Hesapları Altın Hesapları Yatırım Hesabı Diğer Kıymetli Maden Hesapları IBAN Sorgulama TMSF Güvencesi Kartlar Kredi Kartları Banka Kartları Kartlarımızın Ortak Özellikleri Harcama İtirazı (Chargeback) Nasıl Yapılır? Kart Karşılaştırma Ödemeler ve Hizmetler Diğer Hizmetler Ödemeler Sigorta ve Emeklilik Faizsiz Sigortacılık Nedir? Hayat Sigortaları Elementer Sigortalar Emeklilik Sağlık Sigortaları Yatırım Ürünleri Hazine Ürünleri Sermaye Piyasası Ürünleri Fonum Ne Getirdi? Yatırım Rehberim Altın Bankacılığı Altın Hesapları Altın Günleri Kuyumcular Aracılığı ile Altın Toplama Canlı Altın Fiyatları Özel Bankacılık Size Özel Hizmetlerimiz Özel Bankacılık Kredi Kartı Biz Bize Bankacılık Biz Bize Bankacılık Biz Bize Plus Biz Bize Yabancı Bankacılık Yabancı Bankacılık Bankacılık İşlemleri Dijital Bankacılık Nasıl Müşteri Olunur? Yurt Dışı İşlemler Kampüs Kampüs Nedir? Kuveyt Türk Kampüs’e Gelenlere Toplamda 13.500 TL Hediye! Ayın Kampüslüsü’ne Özel Fırsatlar! Bir Defa Yurt Dışı Çıkış Harcın Kampüs'ten! Eğitim Harcamalarında Sağlam Avantaj: 5 Taksit Fırsatı! Kampüs’le Finansı Keşfet! Sağlam Kart Kampüs'e Başvur! Yakınlarını Geti
Kuveyt Türk,https://www.kuveytturk.com.tr/isim-icin/finansman-urunleri/nakdi-finansman,Nakdi Finansman | Kuveyt Türk Katılım Bankası,Finansman,,,Nakdi Finansman | Kuveyt Türk Katılım Bankası Hakkımızda Finans Portalı Özel Bankacılık Yatırımcı İlişkileri Şube ve ATM’ler Dijital Bankacılık Ürün ve Hizmet Ücretleri English العربية Search Kendim İçin Ana Sayfa Finansmanlar Konut Finansmanları Araç Finansmanları Alışveriş Finansmanları İhtiyaç Finansmanları Sürdürülebilir Finansmanlar Hesaplar Cari Hesaplar Katılma Hesapları Altın Hesapları Yatırım Hesabı Diğer Kıymetli Maden Hesapları IBAN Sorgulama TMSF Güvencesi Kartlar Kredi Kartları Banka Kartları Kartlarımızın Ortak Özellikleri Harcama İtirazı (Chargeback) Nasıl Yapılır? Kart Karşılaştırma Ödemeler ve Hizmetler Diğer Hizmetler Ödemeler Sigorta ve Emeklilik Faizsiz Sigortacılık Nedir? Hayat Sigortaları Elementer Sigortalar Emeklilik Sağlık Sigortaları Yatırım Ürünleri Hazine Ürünleri Sermaye Piyasası Ürünleri Fonum Ne Getirdi? Yatırım Rehberim Altın Bankacılığı Altın Hesapları Altın Günleri Kuyumcular Aracılığı ile Altın Toplama Canlı Altın Fiyatları Özel Bankacılık Size Özel Hizmetlerimiz Özel Bankacılık Kredi Kartı Biz Bize Bankacılık Biz Bize Bankacılık Biz Bize Plus Biz Bize Yabancı Bankacılık Yabancı Bankacılık Bankacılık İşlemleri Dijital Bankacılık Nasıl Müşteri Olunur? Yurt Dışı İşlemler Kampüs Kampüs Nedir? Kuveyt Türk Kampüs’e Gelenlere Toplamda 13.500 TL Hediye! Ayın Kampüslüsü’ne Özel Fırsatlar! Bir Defa Yurt Dışı Çıkış Harcın Kampüs'ten! Eğitim Harcamalarında Sağlam Avantaj: 5 Taksit Fırsatı! Kampüs’le Finansı Keşfet! Sağlam Kart Kampüs'e Başvur! Yakınlar
Kuveyt Türk,https://www.kuveytturk.com.tr/isim-icin/finansman-urunleri/tarim-ve-hayvancilik-finansmani,Tarım ve Hayvancılık Finansmanı | Kuveyt Türk Katılım Bankası,Finansman,,,Tarım ve Hayvancılık Finansmanı | Kuveyt Türk Katılım Bankası Hakkımızda Finans Portalı Özel Bankacılık Yatırımcı İlişkileri Şube ve ATM’ler Dijital Bankacılık Ürün ve Hizmet Ücretleri English العربية Search Kendim İçin Ana Sayfa Finansmanlar Konut Finansmanları Araç Finansmanları Alışveriş Finansmanları İhtiyaç Finansmanları Sürdürülebilir Finansmanlar Hesaplar Cari Hesaplar Katılma Hesapları Altın Hesapları Yatırım Hesabı Diğer Kıymetli Maden Hesapları IBAN Sorgulama TMSF Güvencesi Kartlar Kredi Kartları Banka Kartları Kartlarımızın Ortak Özellikleri Harcama İtirazı (Chargeback) Nasıl Yapılır? Kart Karşılaştırma Ödemeler ve Hizmetler Diğer Hizmetler Ödemeler Sigorta ve Emeklilik Faizsiz Sigortacılık Nedir? Hayat Sigortaları Elementer Sigortalar Emeklilik Sağlık Sigortaları Yatırım Ürünleri Hazine Ürünleri Sermaye Piyasası Ürünleri Fonum Ne Getirdi? Yatırım Rehberim Altın Bankacılığı Altın Hesapları Altın Günleri Kuyumcular Aracılığı ile Altın Toplama Canlı Altın Fiyatları Özel Bankacılık Size Özel Hizmetlerimiz Özel Bankacılık Kredi Kartı Biz Bize Bankacılık Biz Bize Bankacılık Biz Bize Plus Biz Bize Yabancı Bankacılık Yabancı Bankacılık Bankacılık İşlemleri Dijital Bankacılık Nasıl Müşteri Olunur? Yurt Dışı İşlemler Kampüs Kampüs Nedir? Kuveyt Türk Kampüs’e Gelenlere Toplamda 13.500 TL Hediye! Ayın Kampüslüsü’ne Özel Fırsatlar! Bir Defa Yurt Dışı Çıkış Harcın Kampüs'ten! Eğitim Harcamalarında Sağlam Avantaj: 5 Taksit Fırsatı! Kampüs’le Finansı Keşfet! Sağlam Kart Kampüs'e 
Kuveyt Türk,https://www.kuveytturk.com.tr/isim-icin/kartlar-ve-pos,Kartlar ve POS | Kuveyt Türk Katılım Bankası,Kart,,,Kartlar ve POS | Kuveyt Türk Katılım Bankası Hakkımızda Finans Portalı Özel Bankacılık Yatırımcı İlişkileri Şube ve ATM’ler Dijital Bankacılık Ürün ve Hizmet Ücretleri English العربية Search Kendim İçin Ana Sayfa Finansmanlar Konut Finansmanları Araç Finansmanları Alışveriş Finansmanları İhtiyaç Finansmanları Sürdürülebilir Finansmanlar Hesaplar Cari Hesaplar Katılma Hesapları Altın Hesapları Yatırım Hesabı Diğer Kıymetli Maden Hesapları IBAN Sorgulama TMSF Güvencesi Kartlar Kredi Kartları Banka Kartları Kartlarımızın Ortak Özellikleri Harcama İtirazı (Chargeback) Nasıl Yapılır? Kart Karşılaştırma Ödemeler ve Hizmetler Diğer Hizmetler Ödemeler Sigorta ve Emeklilik Faizsiz Sigortacılık Nedir? Hayat Sigortaları Elementer Sigortalar Emeklilik Sağlık Sigortaları Yatırım Ürünleri Hazine Ürünleri Sermaye Piyasası Ürünleri Fonum Ne Getirdi? Yatırım Rehberim Altın Bankacılığı Altın Hesapları Altın Günleri Kuyumcular Aracılığı ile Altın Toplama Canlı Altın Fiyatları Özel Bankacılık Size Özel Hizmetlerimiz Özel Bankacılık Kredi Kartı Biz Bize Bankacılık Biz Bize Bankacılık Biz Bize Plus Biz Bize Yabancı Bankacılık Yabancı Bankacılık Bankacılık İşlemleri Dijital Bankacılık Nasıl Müşteri Olunur? Yurt Dışı İşlemler Kampüs Kampüs Nedir? Kuveyt Türk Kampüs’e Gelenlere Toplamda 13.500 TL Hediye! Ayın Kampüslüsü’ne Özel Fırsatlar! Bir Defa Yurt Dışı Çıkış Harcın Kampüs'ten! Eğitim Harcamalarında Sağlam Avantaj: 5 Taksit Fırsatı! Kampüs’le Finansı Keşfet! Sağlam Kart Kampüs'e Başvur! Yakınları
Kuveyt Türk,https://www.kuveytturk.com.tr/isim-icin/kartlar-ve-pos/pos-hizmetleri,Pos Hizmetleri | Kuveyt Türk Katılım Bankası,Kart,,,Pos Hizmetleri | Kuveyt Türk Katılım Bankası Hakkımızda Finans Portalı Özel Bankacılık Yatırımcı İlişkileri Şube ve ATM’ler Dijital Bankacılık Ürün ve Hizmet Ücretleri English العربية Search Kendim İçin Ana Sayfa Finansmanlar Konut Finansmanları Araç Finansmanları Alışveriş Finansmanları İhtiyaç Finansmanları Sürdürülebilir Finansmanlar Hesaplar Cari Hesaplar Katılma Hesapları Altın Hesapları Yatırım Hesabı Diğer Kıymetli Maden Hesapları IBAN Sorgulama TMSF Güvencesi Kartlar Kredi Kartları Banka Kartları Kartlarımızın Ortak Özellikleri Harcama İtirazı (Chargeback) Nasıl Yapılır? Kart Karşılaştırma Ödemeler ve Hizmetler Diğer Hizmetler Ödemeler Sigorta ve Emeklilik Faizsiz Sigortacılık Nedir? Hayat Sigortaları Elementer Sigortalar Emeklilik Sağlık Sigortaları Yatırım Ürünleri Hazine Ürünleri Sermaye Piyasası Ürünleri Fonum Ne Getirdi? Yatırım Rehberim Altın Bankacılığı Altın Hesapları Altın Günleri Kuyumcular Aracılığı ile Altın Toplama Canlı Altın Fiyatları Özel Bankacılık Size Özel Hizmetlerimiz Özel Bankacılık Kredi Kartı Biz Bize Bankacılık Biz Bize Bankacılık Biz Bize Plus Biz Bize Yabancı Bankacılık Yabancı Bankacılık Bankacılık İşlemleri Dijital Bankacılık Nasıl Müşteri Olunur? Yurt Dışı İşlemler Kampüs Kampüs Nedir? Kuveyt Türk Kampüs’e Gelenlere Toplamda 13.500 TL Hediye! Ayın Kampüslüsü’ne Özel Fırsatlar! Bir Defa Yurt Dışı Çıkış Harcın Kampüs'ten! Eğitim Harcamalarında Sağlam Avantaj: 5 Taksit Fırsatı! Kampüs’le Finansı Keşfet! Sağlam Kart Kampüs'e Başvur! Yakınları
Kuveyt Türk,https://www.kuveytturk.com.tr/isim-icin/kartlar-ve-pos/ticari-kartlar,Ticari Kartlar  | Kuveyt Türk Katılım Bankası,Kart,,,Ticari Kartlar | Kuveyt Türk Katılım Bankası Hakkımızda Finans Portalı Özel Bankacılık Yatırımcı İlişkileri Şube ve ATM’ler Dijital Bankacılık Ürün ve Hizmet Ücretleri English العربية Search Kendim İçin Ana Sayfa Finansmanlar Konut Finansmanları Araç Finansmanları Alışveriş Finansmanları İhtiyaç Finansmanları Sürdürülebilir Finansmanlar Hesaplar Cari Hesaplar Katılma Hesapları Altın Hesapları Yatırım Hesabı Diğer Kıymetli Maden Hesapları IBAN Sorgulama TMSF Güvencesi Kartlar Kredi Kartları Banka Kartları Kartlarımızın Ortak Özellikleri Harcama İtirazı (Chargeback) Nasıl Yapılır? Kart Karşılaştırma Ödemeler ve Hizmetler Diğer Hizmetler Ödemeler Sigorta ve Emeklilik Faizsiz Sigortacılık Nedir? Hayat Sigortaları Elementer Sigortalar Emeklilik Sağlık Sigortaları Yatırım Ürünleri Hazine Ürünleri Sermaye Piyasası Ürünleri Fonum Ne Getirdi? Yatırım Rehberim Altın Bankacılığı Altın Hesapları Altın Günleri Kuyumcular Aracılığı ile Altın Toplama Canlı Altın Fiyatları Özel Bankacılık Size Özel Hizmetlerimiz Özel Bankacılık Kredi Kartı Biz Bize Bankacılık Biz Bize Bankacılık Biz Bize Plus Biz Bize Yabancı Bankacılık Yabancı Bankacılık Bankacılık İşlemleri Dijital Bankacılık Nasıl Müşteri Olunur? Yurt Dışı İşlemler Kampüs Kampüs Nedir? Kuveyt Türk Kampüs’e Gelenlere Toplamda 13.500 TL Hediye! Ayın Kampüslüsü’ne Özel Fırsatlar! Bir Defa Yurt Dışı Çıkış Harcın Kampüs'ten! Eğitim Harcamalarında Sağlam Avantaj: 5 Taksit Fırsatı! Kampüs’le Finansı Keşfet! Sağlam Kart Kampüs'e Başvur! Yakınları
Kuveyt Türk,https://www.kuveytturk.com.tr/isim-icin/leasing/leasing-finansman-urunlerimiz,Leasing Finansman Ürünlerimiz | Kuveyt Türk Katılım Bankası,Finansman,,,Leasing Finansman Ürünlerimiz | Kuveyt Türk Katılım Bankası Hakkımızda Finans Portalı Özel Bankacılık Yatırımcı İlişkileri Şube ve ATM’ler Dijital Bankacılık Ürün ve Hizmet Ücretleri English العربية Search Kendim İçin Ana Sayfa Finansmanlar Konut Finansmanları Araç Finansmanları Alışveriş Finansmanları İhtiyaç Finansmanları Sürdürülebilir Finansmanlar Hesaplar Cari Hesaplar Katılma Hesapları Altın Hesapları Yatırım Hesabı Diğer Kıymetli Maden Hesapları IBAN Sorgulama TMSF Güvencesi Kartlar Kredi Kartları Banka Kartları Kartlarımızın Ortak Özellikleri Harcama İtirazı (Chargeback) Nasıl Yapılır? Kart Karşılaştırma Ödemeler ve Hizmetler Diğer Hizmetler Ödemeler Sigorta ve Emeklilik Faizsiz Sigortacılık Nedir? Hayat Sigortaları Elementer Sigortalar Emeklilik Sağlık Sigortaları Yatırım Ürünleri Hazine Ürünleri Sermaye Piyasası Ürünleri Fonum Ne Getirdi? Yatırım Rehberim Altın Bankacılığı Altın Hesapları Altın Günleri Kuyumcular Aracılığı ile Altın Toplama Canlı Altın Fiyatları Özel Bankacılık Size Özel Hizmetlerimiz Özel Bankacılık Kredi Kartı Biz Bize Bankacılık Biz Bize Bankacılık Biz Bize Plus Biz Bize Yabancı Bankacılık Yabancı Bankacılık Bankacılık İşlemleri Dijital Bankacılık Nasıl Müşteri Olunur? Yurt Dışı İşlemler Kampüs Kampüs Nedir? Kuveyt Türk Kampüs’e Gelenlere Toplamda 13.500 TL Hediye! Ayın Kampüslüsü’ne Özel Fırsatlar! Bir Defa Yurt Dışı Çıkış Harcın Kampüs'ten! Eğitim Harcamalarında Sağlam Avantaj: 5 Taksit Fırsatı! Kampüs’le Finansı Keşfet! Sağlam Kart Kampüs'e Ba
Kuveyt Türk,https://www.kuveytturk.com.tr/isim-icin/leasing/leasing-sureci-ve-hesaplama-araci,Leasing Süreci ve Hesaplama Aracı | Kuveyt Türk Katılım Bankası,Hesap,,,Leasing Süreci ve Hesaplama Aracı | Kuveyt Türk Katılım Bankası Hakkımızda Finans Portalı Özel Bankacılık Yatırımcı İlişkileri Şube ve ATM’ler Dijital Bankacılık Ürün ve Hizmet Ücretleri English العربية Search Kendim İçin Ana Sayfa Finansmanlar Konut Finansmanları Araç Finansmanları Alışveriş Finansmanları İhtiyaç Finansmanları Sürdürülebilir Finansmanlar Hesaplar Cari Hesaplar Katılma Hesapları Altın Hesapları Yatırım Hesabı Diğer Kıymetli Maden Hesapları IBAN Sorgulama TMSF Güvencesi Kartlar Kredi Kartları Banka Kartları Kartlarımızın Ortak Özellikleri Harcama İtirazı (Chargeback) Nasıl Yapılır? Kart Karşılaştırma Ödemeler ve Hizmetler Diğer Hizmetler Ödemeler Sigorta ve Emeklilik Faizsiz Sigortacılık Nedir? Hayat Sigortaları Elementer Sigortalar Emeklilik Sağlık Sigortaları Yatırım Ürünleri Hazine Ürünleri Sermaye Piyasası Ürünleri Fonum Ne Getirdi? Yatırım Rehberim Altın Bankacılığı Altın Hesapları Altın Günleri Kuyumcular Aracılığı ile Altın Toplama Canlı Altın Fiyatları Özel Bankacılık Size Özel Hizmetlerimiz Özel Bankacılık Kredi Kartı Biz Bize Bankacılık Biz Bize Bankacılık Biz Bize Plus Biz Bize Yabancı Bankacılık Yabancı Bankacılık Bankacılık İşlemleri Dijital Bankacılık Nasıl Müşteri Olunur? Yurt Dışı İşlemler Kampüs Kampüs Nedir? Kuveyt Türk Kampüs’e Gelenlere Toplamda 13.500 TL Hediye! Ayın Kampüslüsü’ne Özel Fırsatlar! Bir Defa Yurt Dışı Çıkış Harcın Kampüs'ten! Eğitim Harcamalarında Sağlam Avantaj: 5 Taksit Fırsatı! Kampüs’le Finansı Keşfet! Sağlam Kart Kampüs'
Kuveyt Türk,https://www.kuveytturk.com.tr/isim-icin/sigorta-ve-emeklilik,Sigorta ve Emeklilik | Kuveyt Türk Katılım Bankası,Sigorta,,,Sigorta ve Emeklilik | Kuveyt Türk Katılım Bankası Hakkımızda Finans Portalı Özel Bankacılık Yatırımcı İlişkileri Şube ve ATM’ler Dijital Bankacılık Ürün ve Hizmet Ücretleri English العربية Search Kendim İçin Ana Sayfa Finansmanlar Konut Finansmanları Araç Finansmanları Alışveriş Finansmanları İhtiyaç Finansmanları Sürdürülebilir Finansmanlar Hesaplar Cari Hesaplar Katılma Hesapları Altın Hesapları Yatırım Hesabı Diğer Kıymetli Maden Hesapları IBAN Sorgulama TMSF Güvencesi Kartlar Kredi Kartları Banka Kartları Kartlarımızın Ortak Özellikleri Harcama İtirazı (Chargeback) Nasıl Yapılır? Kart Karşılaştırma Ödemeler ve Hizmetler Diğer Hizmetler Ödemeler Sigorta ve Emeklilik Faizsiz Sigortacılık Nedir? Hayat Sigortaları Elementer Sigortalar Emeklilik Sağlık Sigortaları Yatırım Ürünleri Hazine Ürünleri Sermaye Piyasası Ürünleri Fonum Ne Getirdi? Yatırım Rehberim Altın Bankacılığı Altın Hesapları Altın Günleri Kuyumcular Aracılığı ile Altın Toplama Canlı Altın Fiyatları Özel Bankacılık Size Özel Hizmetlerimiz Özel Bankacılık Kredi Kartı Biz Bize Bankacılık Biz Bize Bankacılık Biz Bize Plus Biz Bize Yabancı Bankacılık Yabancı Bankacılık Bankacılık İşlemleri Dijital Bankacılık Nasıl Müşteri Olunur? Yurt Dışı İşlemler Kampüs Kampüs Nedir? Kuveyt Türk Kampüs’e Gelenlere Toplamda 13.500 TL Hediye! Ayın Kampüslüsü’ne Özel Fırsatlar! Bir Defa Yurt Dışı Çıkış Harcın Kampüs'ten! Eğitim Harcamalarında Sağlam Avantaj: 5 Taksit Fırsatı! Kampüs’le Finansı Keşfet! Sağlam Kart Kampüs'e Başvur! Yak
Kuveyt Türk,https://www.kuveytturk.com.tr/isim-icin/sigorta-ve-emeklilik/isveren-grup-emeklilik-sozlesmeleri,İşveren Grup Emeklilik Sözleşmeleri | Kuveyt Türk Katılım Bankası,Sigorta,,,İşveren Grup Emeklilik Sözleşmeleri | Kuveyt Türk Katılım Bankası Hakkımızda Finans Portalı Özel Bankacılık Yatırımcı İlişkileri Şube ve ATM’ler Dijital Bankacılık Ürün ve Hizmet Ücretleri English العربية Search Kendim İçin Ana Sayfa Finansmanlar Konut Finansmanları Araç Finansmanları Alışveriş Finansmanları İhtiyaç Finansmanları Sürdürülebilir Finansmanlar Hesaplar Cari Hesaplar Katılma Hesapları Altın Hesapları Yatırım Hesabı Diğer Kıymetli Maden Hesapları IBAN Sorgulama TMSF Güvencesi Kartlar Kredi Kartları Banka Kartları Kartlarımızın Ortak Özellikleri Harcama İtirazı (Chargeback) Nasıl Yapılır? Kart Karşılaştırma Ödemeler ve Hizmetler Diğer Hizmetler Ödemeler Sigorta ve Emeklilik Faizsiz Sigortacılık Nedir? Hayat Sigortaları Elementer Sigortalar Emeklilik Sağlık Sigortaları Yatırım Ürünleri Hazine Ürünleri Sermaye Piyasası Ürünleri Fonum Ne Getirdi? Yatırım Rehberim Altın Bankacılığı Altın Hesapları Altın Günleri Kuyumcular Aracılığı ile Altın Toplama Canlı Altın Fiyatları Özel Bankacılık Size Özel Hizmetlerimiz Özel Bankacılık Kredi Kartı Biz Bize Bankacılık Biz Bize Bankacılık Biz Bize Plus Biz Bize Yabancı Bankacılık Yabancı Bankacılık Bankacılık İşlemleri Dijital Bankacılık Nasıl Müşteri Olunur? Yurt Dışı İşlemler Kampüs Kampüs Nedir? Kuveyt Türk Kampüs’e Gelenlere Toplamda 13.500 TL Hediye! Ayın Kampüslüsü’ne Özel Fırsatlar! Bir Defa Yurt Dışı Çıkış Harcın Kampüs'ten! Eğitim Harcamalarında Sağlam Avantaj: 5 Taksit Fırsatı! Kampüs’le Finansı Keşfet! Sağlam Kart Kampü
Kuveyt Türk,https://www.kuveytturk.com.tr/isim-icin/surdurulebilir-urunler/isletme-finansmani,İşletme Finansmanı | Kuveyt Türk Katılım Bankası,Finansman,,,İşletme Finansmanı | Kuveyt Türk Katılım Bankası Hakkımızda Finans Portalı Özel Bankacılık Yatırımcı İlişkileri Şube ve ATM’ler Dijital Bankacılık Ürün ve Hizmet Ücretleri English العربية Search Kendim İçin Ana Sayfa Finansmanlar Konut Finansmanları Araç Finansmanları Alışveriş Finansmanları İhtiyaç Finansmanları Sürdürülebilir Finansmanlar Hesaplar Cari Hesaplar Katılma Hesapları Altın Hesapları Yatırım Hesabı Diğer Kıymetli Maden Hesapları IBAN Sorgulama TMSF Güvencesi Kartlar Kredi Kartları Banka Kartları Kartlarımızın Ortak Özellikleri Harcama İtirazı (Chargeback) Nasıl Yapılır? Kart Karşılaştırma Ödemeler ve Hizmetler Diğer Hizmetler Ödemeler Sigorta ve Emeklilik Faizsiz Sigortacılık Nedir? Hayat Sigortaları Elementer Sigortalar Emeklilik Sağlık Sigortaları Yatırım Ürünleri Hazine Ürünleri Sermaye Piyasası Ürünleri Fonum Ne Getirdi? Yatırım Rehberim Altın Bankacılığı Altın Hesapları Altın Günleri Kuyumcular Aracılığı ile Altın Toplama Canlı Altın Fiyatları Özel Bankacılık Size Özel Hizmetlerimiz Özel Bankacılık Kredi Kartı Biz Bize Bankacılık Biz Bize Bankacılık Biz Bize Plus Biz Bize Yabancı Bankacılık Yabancı Bankacılık Bankacılık İşlemleri Dijital Bankacılık Nasıl Müşteri Olunur? Yurt Dışı İşlemler Kampüs Kampüs Nedir? Kuveyt Türk Kampüs’e Gelenlere Toplamda 13.500 TL Hediye! Ayın Kampüslüsü’ne Özel Fırsatlar! Bir Defa Yurt Dışı Çıkış Harcın Kampüs'ten! Eğitim Harcamalarında Sağlam Avantaj: 5 Taksit Fırsatı! Kampüs’le Finansı Keşfet! Sağlam Kart Kampüs'e Başvur! Yakın
Kuveyt Türk,https://www.kuveytturk.com.tr/isim-icin/surdurulebilir-urunler/surdurulebilir-leasing-finansmani,Sürdürülebilir Ürünlerimiz | Kuveyt Türk Katılım Bankası,Finansman,,,Sürdürülebilir Ürünlerimiz | Kuveyt Türk Katılım Bankası Hakkımızda Finans Portalı Özel Bankacılık Yatırımcı İlişkileri Şube ve ATM’ler Dijital Bankacılık Ürün ve Hizmet Ücretleri English العربية Search Kendim İçin Ana Sayfa Finansmanlar Konut Finansmanları Araç Finansmanları Alışveriş Finansmanları İhtiyaç Finansmanları Sürdürülebilir Finansmanlar Hesaplar Cari Hesaplar Katılma Hesapları Altın Hesapları Yatırım Hesabı Diğer Kıymetli Maden Hesapları IBAN Sorgulama TMSF Güvencesi Kartlar Kredi Kartları Banka Kartları Kartlarımızın Ortak Özellikleri Harcama İtirazı (Chargeback) Nasıl Yapılır? Kart Karşılaştırma Ödemeler ve Hizmetler Diğer Hizmetler Ödemeler Sigorta ve Emeklilik Faizsiz Sigortacılık Nedir? Hayat Sigortaları Elementer Sigortalar Emeklilik Sağlık Sigortaları Yatırım Ürünleri Hazine Ürünleri Sermaye Piyasası Ürünleri Fonum Ne Getirdi? Yatırım Rehberim Altın Bankacılığı Altın Hesapları Altın Günleri Kuyumcular Aracılığı ile Altın Toplama Canlı Altın Fiyatları Özel Bankacılık Size Özel Hizmetlerimiz Özel Bankacılık Kredi Kartı Biz Bize Bankacılık Biz Bize Bankacılık Biz Bize Plus Biz Bize Yabancı Bankacılık Yabancı Bankacılık Bankacılık İşlemleri Dijital Bankacılık Nasıl Müşteri Olunur? Yurt Dışı İşlemler Kampüs Kampüs Nedir? Kuveyt Türk Kampüs’e Gelenlere Toplamda 13.500 TL Hediye! Ayın Kampüslüsü’ne Özel Fırsatlar! Bir Defa Yurt Dışı Çıkış Harcın Kampüs'ten! Eğitim Harcamalarında Sağlam Avantaj: 5 Taksit Fırsatı! Kampüs’le Finansı Keşfet! Sağlam Kart Kampüs'e Başvu
Kuveyt Türk,https://www.kuveytturk.com.tr/isim-icin/surdurulebilir-urunler/tarim-surdurulebilirlik-finansmanlari,Tarım Sürdürülebilirlik Finansmanları | Kuveyt Türk Katılım Bankası,Finansman,,,Tarım Sürdürülebilirlik Finansmanları | Kuveyt Türk Katılım Bankası Hakkımızda Finans Portalı Özel Bankacılık Yatırımcı İlişkileri Şube ve ATM’ler Dijital Bankacılık Ürün ve Hizmet Ücretleri English العربية Search Kendim İçin Ana Sayfa Finansmanlar Konut Finansmanları Araç Finansmanları Alışveriş Finansmanları İhtiyaç Finansmanları Sürdürülebilir Finansmanlar Hesaplar Cari Hesaplar Katılma Hesapları Altın Hesapları Yatırım Hesabı Diğer Kıymetli Maden Hesapları IBAN Sorgulama TMSF Güvencesi Kartlar Kredi Kartları Banka Kartları Kartlarımızın Ortak Özellikleri Harcama İtirazı (Chargeback) Nasıl Yapılır? Kart Karşılaştırma Ödemeler ve Hizmetler Diğer Hizmetler Ödemeler Sigorta ve Emeklilik Faizsiz Sigortacılık Nedir? Hayat Sigortaları Elementer Sigortalar Emeklilik Sağlık Sigortaları Yatırım Ürünleri Hazine Ürünleri Sermaye Piyasası Ürünleri Fonum Ne Getirdi? Yatırım Rehberim Altın Bankacılığı Altın Hesapları Altın Günleri Kuyumcular Aracılığı ile Altın Toplama Canlı Altın Fiyatları Özel Bankacılık Size Özel Hizmetlerimiz Özel Bankacılık Kredi Kartı Biz Bize Bankacılık Biz Bize Bankacılık Biz Bize Plus Biz Bize Yabancı Bankacılık Yabancı Bankacılık Bankacılık İşlemleri Dijital Bankacılık Nasıl Müşteri Olunur? Yurt Dışı İşlemler Kampüs Kampüs Nedir? Kuveyt Türk Kampüs’e Gelenlere Toplamda 13.500 TL Hediye! Ayın Kampüslüsü’ne Özel Fırsatlar! Bir Defa Yurt Dışı Çıkış Harcın Kampüs'ten! Eğitim Harcamalarında Sağlam Avantaj: 5 Taksit Fırsatı! Kampüs’le Finansı Keşfet! Sağlam Kart Kam
Kuveyt Türk,https://www.kuveytturk.com.tr/isim-icin/tarim-bankaciligi/ciftcilere-uzaktan-hesap-acilisi,Çiftçilere Uzaktan Hesap Açılışı | Kuveyt Türk Katılım Bankası,Hesap,,,Çiftçilere Uzaktan Hesap Açılışı | Kuveyt Türk Katılım Bankası Hakkımızda Finans Portalı Özel Bankacılık Yatırımcı İlişkileri Şube ve ATM’ler Dijital Bankacılık Ürün ve Hizmet Ücretleri English العربية Search Kendim İçin Ana Sayfa Finansmanlar Konut Finansmanları Araç Finansmanları Alışveriş Finansmanları İhtiyaç Finansmanları Sürdürülebilir Finansmanlar Hesaplar Cari Hesaplar Katılma Hesapları Altın Hesapları Yatırım Hesabı Diğer Kıymetli Maden Hesapları IBAN Sorgulama TMSF Güvencesi Kartlar Kredi Kartları Banka Kartları Kartlarımızın Ortak Özellikleri Harcama İtirazı (Chargeback) Nasıl Yapılır? Kart Karşılaştırma Ödemeler ve Hizmetler Diğer Hizmetler Ödemeler Sigorta ve Emeklilik Faizsiz Sigortacılık Nedir? Hayat Sigortaları Elementer Sigortalar Emeklilik Sağlık Sigortaları Yatırım Ürünleri Hazine Ürünleri Sermaye Piyasası Ürünleri Fonum Ne Getirdi? Yatırım Rehberim Altın Bankacılığı Altın Hesapları Altın Günleri Kuyumcular Aracılığı ile Altın Toplama Canlı Altın Fiyatları Özel Bankacılık Size Özel Hizmetlerimiz Özel Bankacılık Kredi Kartı Biz Bize Bankacılık Biz Bize Bankacılık Biz Bize Plus Biz Bize Yabancı Bankacılık Yabancı Bankacılık Bankacılık İşlemleri Dijital Bankacılık Nasıl Müşteri Olunur? Yurt Dışı İşlemler Kampüs Kampüs Nedir? Kuveyt Türk Kampüs’e Gelenlere Toplamda 13.500 TL Hediye! Ayın Kampüslüsü’ne Özel Fırsatlar! Bir Defa Yurt Dışı Çıkış Harcın Kampüs'ten! Eğitim Harcamalarında Sağlam Avantaj: 5 Taksit Fırsatı! Kampüs’le Finansı Keşfet! Sağlam Kart Kampüs'e
Kuveyt Türk,https://www.kuveytturk.com.tr/isim-icin/tarim-bankaciligi/elektronik-urun-senedi-elus-teminatli-finansman,Elektronik Ürün Senedi (ELÜS) Teminatlı Finansman | Kuveyt Türk Katılım Bankası,Finansman,,,Elektronik Ürün Senedi (ELÜS) Teminatlı Finansman | Kuveyt Türk Katılım Bankası Hakkımızda Finans Portalı Özel Bankacılık Yatırımcı İlişkileri Şube ve ATM’ler Dijital Bankacılık Ürün ve Hizmet Ücretleri English العربية Search Kendim İçin Ana Sayfa Finansmanlar Konut Finansmanları Araç Finansmanları Alışveriş Finansmanları İhtiyaç Finansmanları Sürdürülebilir Finansmanlar Hesaplar Cari Hesaplar Katılma Hesapları Altın Hesapları Yatırım Hesabı Diğer Kıymetli Maden Hesapları IBAN Sorgulama TMSF Güvencesi Kartlar Kredi Kartları Banka Kartları Kartlarımızın Ortak Özellikleri Harcama İtirazı (Chargeback) Nasıl Yapılır? Kart Karşılaştırma Ödemeler ve Hizmetler Diğer Hizmetler Ödemeler Sigorta ve Emeklilik Faizsiz Sigortacılık Nedir? Hayat Sigortaları Elementer Sigortalar Emeklilik Sağlık Sigortaları Yatırım Ürünleri Hazine Ürünleri Sermaye Piyasası Ürünleri Fonum Ne Getirdi? Yatırım Rehberim Altın Bankacılığı Altın Hesapları Altın Günleri Kuyumcular Aracılığı ile Altın Toplama Canlı Altın Fiyatları Özel Bankacılık Size Özel Hizmetlerimiz Özel Bankacılık Kredi Kartı Biz Bize Bankacılık Biz Bize Bankacılık Biz Bize Plus Biz Bize Yabancı Bankacılık Yabancı Bankacılık Bankacılık İşlemleri Dijital Bankacılık Nasıl Müşteri Olunur? Yurt Dışı İşlemler Kampüs Kampüs Nedir? Kuveyt Türk Kampüs’e Gelenlere Toplamda 13.500 TL Hediye! Ayın Kampüslüsü’ne Özel Fırsatlar! Bir Defa Yurt Dışı Çıkış Harcın Kampüs'ten! Eğitim Harcamalarında Sağlam Avantaj: 5 Taksit Fırsatı! Kampüs’le Finansı Keşfet! Sağ
Kuveyt Türk,https://www.kuveytturk.com.tr/isim-icin/tarim-bankaciligi/tarim-ve-hayvancilik-finansmani,Tarım ve Hayvancılık Finansmanı | Kuveyt Türk Katılım Bankası,Finansman,,,Tarım ve Hayvancılık Finansmanı | Kuveyt Türk Katılım Bankası Hakkımızda Finans Portalı Özel Bankacılık Yatırımcı İlişkileri Şube ve ATM’ler Dijital Bankacılık Ürün ve Hizmet Ücretleri English العربية Search Kendim İçin Ana Sayfa Finansmanlar Konut Finansmanları Araç Finansmanları Alışveriş Finansmanları İhtiyaç Finansmanları Sürdürülebilir Finansmanlar Hesaplar Cari Hesaplar Katılma Hesapları Altın Hesapları Yatırım Hesabı Diğer Kıymetli Maden Hesapları IBAN Sorgulama TMSF Güvencesi Kartlar Kredi Kartları Banka Kartları Kartlarımızın Ortak Özellikleri Harcama İtirazı (Chargeback) Nasıl Yapılır? Kart Karşılaştırma Ödemeler ve Hizmetler Diğer Hizmetler Ödemeler Sigorta ve Emeklilik Faizsiz Sigortacılık Nedir? Hayat Sigortaları Elementer Sigortalar Emeklilik Sağlık Sigortaları Yatırım Ürünleri Hazine Ürünleri Sermaye Piyasası Ürünleri Fonum Ne Getirdi? Yatırım Rehberim Altın Bankacılığı Altın Hesapları Altın Günleri Kuyumcular Aracılığı ile Altın Toplama Canlı Altın Fiyatları Özel Bankacılık Size Özel Hizmetlerimiz Özel Bankacılık Kredi Kartı Biz Bize Bankacılık Biz Bize Bankacılık Biz Bize Plus Biz Bize Yabancı Bankacılık Yabancı Bankacılık Bankacılık İşlemleri Dijital Bankacılık Nasıl Müşteri Olunur? Yurt Dışı İşlemler Kampüs Kampüs Nedir? Kuveyt Türk Kampüs’e Gelenlere Toplamda 13.500 TL Hediye! Ayın Kampüslüsü’ne Özel Fırsatlar! Bir Defa Yurt Dışı Çıkış Harcın Kampüs'ten! Eğitim Harcamalarında Sağlam Avantaj: 5 Taksit Fırsatı! Kampüs’le Finansı Keşfet! Sağlam Kart Kampüs'e 
Kuveyt Türk,https://www.kuveytturk.com.tr/isim-icin/tarim-bankaciligi/tarim-ve-hayvancilik-sektorune-ozel-kampanyalar,Tarım ve Hayvancılık Sektörüne Özel Kampanyalar | Kuveyt Türk Katılım Bankası,Kampanya,,,Tarım ve Hayvancılık Sektörüne Özel Kampanyalar | Kuveyt Türk Katılım Bankası Hakkımızda Finans Portalı Özel Bankacılık Yatırımcı İlişkileri Şube ve ATM’ler Dijital Bankacılık Ürün ve Hizmet Ücretleri English العربية Search Kendim İçin Ana Sayfa Finansmanlar Konut Finansmanları Araç Finansmanları Alışveriş Finansmanları İhtiyaç Finansmanları Sürdürülebilir Finansmanlar Hesaplar Cari Hesaplar Katılma Hesapları Altın Hesapları Yatırım Hesabı Diğer Kıymetli Maden Hesapları IBAN Sorgulama TMSF Güvencesi Kartlar Kredi Kartları Banka Kartları Kartlarımızın Ortak Özellikleri Harcama İtirazı (Chargeback) Nasıl Yapılır? Kart Karşılaştırma Ödemeler ve Hizmetler Diğer Hizmetler Ödemeler Sigorta ve Emeklilik Faizsiz Sigortacılık Nedir? Hayat Sigortaları Elementer Sigortalar Emeklilik Sağlık Sigortaları Yatırım Ürünleri Hazine Ürünleri Sermaye Piyasası Ürünleri Fonum Ne Getirdi? Yatırım Rehberim Altın Bankacılığı Altın Hesapları Altın Günleri Kuyumcular Aracılığı ile Altın Toplama Canlı Altın Fiyatları Özel Bankacılık Size Özel Hizmetlerimiz Özel Bankacılık Kredi Kartı Biz Bize Bankacılık Biz Bize Bankacılık Biz Bize Plus Biz Bize Yabancı Bankacılık Yabancı Bankacılık Bankacılık İşlemleri Dijital Bankacılık Nasıl Müşteri Olunur? Yurt Dışı İşlemler Kampüs Kampüs Nedir? Kuveyt Türk Kampüs’e Gelenlere Toplamda 13.500 TL Hediye! Ayın Kampüslüsü’ne Özel Fırsatlar! Bir Defa Yurt Dışı Çıkış Harcın Kampüs'ten! Eğitim Harcamalarında Sağlam Avantaj: 5 Taksit Fırsatı! Kampüs’le Finansı Keşfet! Sağla
Kuveyt Türk,https://www.kuveytturk.com.tr/isim-icin/tarim-bankaciligi/tohum-kart,Sağlam Tohum Kart | Kuveyt Türk Katılım Bankası,Kart,,,Sağlam Tohum Kart | Kuveyt Türk Katılım Bankası Hakkımızda Finans Portalı Özel Bankacılık Yatırımcı İlişkileri Şube ve ATM’ler Dijital Bankacılık Ürün ve Hizmet Ücretleri English العربية Search Kendim İçin Ana Sayfa Finansmanlar Konut Finansmanları Araç Finansmanları Alışveriş Finansmanları İhtiyaç Finansmanları Sürdürülebilir Finansmanlar Hesaplar Cari Hesaplar Katılma Hesapları Altın Hesapları Yatırım Hesabı Diğer Kıymetli Maden Hesapları IBAN Sorgulama TMSF Güvencesi Kartlar Kredi Kartları Banka Kartları Kartlarımızın Ortak Özellikleri Harcama İtirazı (Chargeback) Nasıl Yapılır? Kart Karşılaştırma Ödemeler ve Hizmetler Diğer Hizmetler Ödemeler Sigorta ve Emeklilik Faizsiz Sigortacılık Nedir? Hayat Sigortaları Elementer Sigortalar Emeklilik Sağlık Sigortaları Yatırım Ürünleri Hazine Ürünleri Sermaye Piyasası Ürünleri Fonum Ne Getirdi? Yatırım Rehberim Altın Bankacılığı Altın Hesapları Altın Günleri Kuyumcular Aracılığı ile Altın Toplama Canlı Altın Fiyatları Özel Bankacılık Size Özel Hizmetlerimiz Özel Bankacılık Kredi Kartı Biz Bize Bankacılık Biz Bize Bankacılık Biz Bize Plus Biz Bize Yabancı Bankacılık Yabancı Bankacılık Bankacılık İşlemleri Dijital Bankacılık Nasıl Müşteri Olunur? Yurt Dışı İşlemler Kampüs Kampüs Nedir? Kuveyt Türk Kampüs’e Gelenlere Toplamda 13.500 TL Hediye! Ayın Kampüslüsü’ne Özel Fırsatlar! Bir Defa Yurt Dışı Çıkış Harcın Kampüs'ten! Eğitim Harcamalarında Sağlam Avantaj: 5 Taksit Fırsatı! Kampüs’le Finansı Keşfet! Sağlam Kart Kampüs'e Başvur! Yakınl
Kuveyt Türk,https://www.kuveytturk.com.tr/isim-icin/yatirim,Yatırım | Kuveyt Türk Katılım Bankası,Yatırım,,,Yatırım | Kuveyt Türk Katılım Bankası Hakkımızda Finans Portalı Özel Bankacılık Yatırımcı İlişkileri Şube ve ATM’ler Dijital Bankacılık Ürün ve Hizmet Ücretleri English العربية Search Kendim İçin Ana Sayfa Finansmanlar Konut Finansmanları Araç Finansmanları Alışveriş Finansmanları İhtiyaç Finansmanları Sürdürülebilir Finansmanlar Hesaplar Cari Hesaplar Katılma Hesapları Altın Hesapları Yatırım Hesabı Diğer Kıymetli Maden Hesapları IBAN Sorgulama TMSF Güvencesi Kartlar Kredi Kartları Banka Kartları Kartlarımızın Ortak Özellikleri Harcama İtirazı (Chargeback) Nasıl Yapılır? Kart Karşılaştırma Ödemeler ve Hizmetler Diğer Hizmetler Ödemeler Sigorta ve Emeklilik Faizsiz Sigortacılık Nedir? Hayat Sigortaları Elementer Sigortalar Emeklilik Sağlık Sigortaları Yatırım Ürünleri Hazine Ürünleri Sermaye Piyasası Ürünleri Fonum Ne Getirdi? Yatırım Rehberim Altın Bankacılığı Altın Hesapları Altın Günleri Kuyumcular Aracılığı ile Altın Toplama Canlı Altın Fiyatları Özel Bankacılık Size Özel Hizmetlerimiz Özel Bankacılık Kredi Kartı Biz Bize Bankacılık Biz Bize Bankacılık Biz Bize Plus Biz Bize Yabancı Bankacılık Yabancı Bankacılık Bankacılık İşlemleri Dijital Bankacılık Nasıl Müşteri Olunur? Yurt Dışı İşlemler Kampüs Kampüs Nedir? Kuveyt Türk Kampüs’e Gelenlere Toplamda 13.500 TL Hediye! Ayın Kampüslüsü’ne Özel Fırsatlar! Bir Defa Yurt Dışı Çıkış Harcın Kampüs'ten! Eğitim Harcamalarında Sağlam Avantaj: 5 Taksit Fırsatı! Kampüs’le Finansı Keşfet! Sağlam Kart Kampüs'e Başvur! Yakınlarını Geti
Kuveyt Türk,https://www.kuveytturk.com.tr/isim-icin/yatirim/hazine-urunleri,Hazine Ürünleri | Kuveyt Türk Katılım Bankası,Yatırım,,,Hazine Ürünleri | Kuveyt Türk Katılım Bankası Hakkımızda Finans Portalı Özel Bankacılık Yatırımcı İlişkileri Şube ve ATM’ler Dijital Bankacılık Ürün ve Hizmet Ücretleri English العربية Search Kendim İçin Ana Sayfa Finansmanlar Konut Finansmanları Araç Finansmanları Alışveriş Finansmanları İhtiyaç Finansmanları Sürdürülebilir Finansmanlar Hesaplar Cari Hesaplar Katılma Hesapları Altın Hesapları Yatırım Hesabı Diğer Kıymetli Maden Hesapları IBAN Sorgulama TMSF Güvencesi Kartlar Kredi Kartları Banka Kartları Kartlarımızın Ortak Özellikleri Harcama İtirazı (Chargeback) Nasıl Yapılır? Kart Karşılaştırma Ödemeler ve Hizmetler Diğer Hizmetler Ödemeler Sigorta ve Emeklilik Faizsiz Sigortacılık Nedir? Hayat Sigortaları Elementer Sigortalar Emeklilik Sağlık Sigortaları Yatırım Ürünleri Hazine Ürünleri Sermaye Piyasası Ürünleri Fonum Ne Getirdi? Yatırım Rehberim Altın Bankacılığı Altın Hesapları Altın Günleri Kuyumcular Aracılığı ile Altın Toplama Canlı Altın Fiyatları Özel Bankacılık Size Özel Hizmetlerimiz Özel Bankacılık Kredi Kartı Biz Bize Bankacılık Biz Bize Bankacılık Biz Bize Plus Biz Bize Yabancı Bankacılık Yabancı Bankacılık Bankacılık İşlemleri Dijital Bankacılık Nasıl Müşteri Olunur? Yurt Dışı İşlemler Kampüs Kampüs Nedir? Kuveyt Türk Kampüs’e Gelenlere Toplamda 13.500 TL Hediye! Ayın Kampüslüsü’ne Özel Fırsatlar! Bir Defa Yurt Dışı Çıkış Harcın Kampüs'ten! Eğitim Harcamalarında Sağlam Avantaj: 5 Taksit Fırsatı! Kampüs’le Finansı Keşfet! Sağlam Kart Kampüs'e Başvur! Yakınlar
Kuveyt Türk,https://www.kuveytturk.com.tr/isim-icin/yatirim/hesaplar,Hesaplar | Kuveyt Türk Katılım Bankası,Hesap,,,Hesaplar | Kuveyt Türk Katılım Bankası Hakkımızda Finans Portalı Özel Bankacılık Yatırımcı İlişkileri Şube ve ATM’ler Dijital Bankacılık Ürün ve Hizmet Ücretleri English العربية Search Kendim İçin Ana Sayfa Finansmanlar Konut Finansmanları Araç Finansmanları Alışveriş Finansmanları İhtiyaç Finansmanları Sürdürülebilir Finansmanlar Hesaplar Cari Hesaplar Katılma Hesapları Altın Hesapları Yatırım Hesabı Diğer Kıymetli Maden Hesapları IBAN Sorgulama TMSF Güvencesi Kartlar Kredi Kartları Banka Kartları Kartlarımızın Ortak Özellikleri Harcama İtirazı (Chargeback) Nasıl Yapılır? Kart Karşılaştırma Ödemeler ve Hizmetler Diğer Hizmetler Ödemeler Sigorta ve Emeklilik Faizsiz Sigortacılık Nedir? Hayat Sigortaları Elementer Sigortalar Emeklilik Sağlık Sigortaları Yatırım Ürünleri Hazine Ürünleri Sermaye Piyasası Ürünleri Fonum Ne Getirdi? Yatırım Rehberim Altın Bankacılığı Altın Hesapları Altın Günleri Kuyumcular Aracılığı ile Altın Toplama Canlı Altın Fiyatları Özel Bankacılık Size Özel Hizmetlerimiz Özel Bankacılık Kredi Kartı Biz Bize Bankacılık Biz Bize Bankacılık Biz Bize Plus Biz Bize Yabancı Bankacılık Yabancı Bankacılık Bankacılık İşlemleri Dijital Bankacılık Nasıl Müşteri Olunur? Yurt Dışı İşlemler Kampüs Kampüs Nedir? Kuveyt Türk Kampüs’e Gelenlere Toplamda 13.500 TL Hediye! Ayın Kampüslüsü’ne Özel Fırsatlar! Bir Defa Yurt Dışı Çıkış Harcın Kampüs'ten! Eğitim Harcamalarında Sağlam Avantaj: 5 Taksit Fırsatı! Kampüs’le Finansı Keşfet! Sağlam Kart Kampüs'e Başvur! Yakınlarını Get
Kuveyt Türk,https://www.kuveytturk.com.tr/isim-icin/yatirim/kuveyt-turk-haftalik-ekonomi-bulteni,Kuveyt Türk Haftalık Ekonomi Bülteni | Kuveyt Türk Katılım Bankası,Yatırım,,,Kuveyt Türk Haftalık Ekonomi Bülteni | Kuveyt Türk Katılım Bankası Hakkımızda Finans Portalı Özel Bankacılık Yatırımcı İlişkileri Şube ve ATM’ler Dijital Bankacılık Ürün ve Hizmet Ücretleri English العربية Search Kendim İçin Ana Sayfa Finansmanlar Konut Finansmanları Araç Finansmanları Alışveriş Finansmanları İhtiyaç Finansmanları Sürdürülebilir Finansmanlar Hesaplar Cari Hesaplar Katılma Hesapları Altın Hesapları Yatırım Hesabı Diğer Kıymetli Maden Hesapları IBAN Sorgulama TMSF Güvencesi Kartlar Kredi Kartları Banka Kartları Kartlarımızın Ortak Özellikleri Harcama İtirazı (Chargeback) Nasıl Yapılır? Kart Karşılaştırma Ödemeler ve Hizmetler Diğer Hizmetler Ödemeler Sigorta ve Emeklilik Faizsiz Sigortacılık Nedir? Hayat Sigortaları Elementer Sigortalar Emeklilik Sağlık Sigortaları Yatırım Ürünleri Hazine Ürünleri Sermaye Piyasası Ürünleri Fonum Ne Getirdi? Yatırım Rehberim Altın Bankacılığı Altın Hesapları Altın Günleri Kuyumcular Aracılığı ile Altın Toplama Canlı Altın Fiyatları Özel Bankacılık Size Özel Hizmetlerimiz Özel Bankacılık Kredi Kartı Biz Bize Bankacılık Biz Bize Bankacılık Biz Bize Plus Biz Bize Yabancı Bankacılık Yabancı Bankacılık Bankacılık İşlemleri Dijital Bankacılık Nasıl Müşteri Olunur? Yurt Dışı İşlemler Kampüs Kampüs Nedir? Kuveyt Türk Kampüs’e Gelenlere Toplamda 13.500 TL Hediye! Ayın Kampüslüsü’ne Özel Fırsatlar! Bir Defa Yurt Dışı Çıkış Harcın Kampüs'ten! Eğitim Harcamalarında Sağlam Avantaj: 5 Taksit Fırsatı! Kampüs’le Finansı Keşfet! Sağlam Kart Kamp
Kuveyt Türk,https://www.kuveytturk.com.tr/isim-icin/yatirim/sermaye-piyasasi-urunleri,Sermaye Piyasası Ürünleri | Kuveyt Türk Katılım Bankası,Yatırım,,,Sermaye Piyasası Ürünleri | Kuveyt Türk Katılım Bankası Hakkımızda Finans Portalı Özel Bankacılık Yatırımcı İlişkileri Şube ve ATM’ler Dijital Bankacılık Ürün ve Hizmet Ücretleri English العربية Search Kendim İçin Ana Sayfa Finansmanlar Konut Finansmanları Araç Finansmanları Alışveriş Finansmanları İhtiyaç Finansmanları Sürdürülebilir Finansmanlar Hesaplar Cari Hesaplar Katılma Hesapları Altın Hesapları Yatırım Hesabı Diğer Kıymetli Maden Hesapları IBAN Sorgulama TMSF Güvencesi Kartlar Kredi Kartları Banka Kartları Kartlarımızın Ortak Özellikleri Harcama İtirazı (Chargeback) Nasıl Yapılır? Kart Karşılaştırma Ödemeler ve Hizmetler Diğer Hizmetler Ödemeler Sigorta ve Emeklilik Faizsiz Sigortacılık Nedir? Hayat Sigortaları Elementer Sigortalar Emeklilik Sağlık Sigortaları Yatırım Ürünleri Hazine Ürünleri Sermaye Piyasası Ürünleri Fonum Ne Getirdi? Yatırım Rehberim Altın Bankacılığı Altın Hesapları Altın Günleri Kuyumcular Aracılığı ile Altın Toplama Canlı Altın Fiyatları Özel Bankacılık Size Özel Hizmetlerimiz Özel Bankacılık Kredi Kartı Biz Bize Bankacılık Biz Bize Bankacılık Biz Bize Plus Biz Bize Yabancı Bankacılık Yabancı Bankacılık Bankacılık İşlemleri Dijital Bankacılık Nasıl Müşteri Olunur? Yurt Dışı İşlemler Kampüs Kampüs Nedir? Kuveyt Türk Kampüs’e Gelenlere Toplamda 13.500 TL Hediye! Ayın Kampüslüsü’ne Özel Fırsatlar! Bir Defa Yurt Dışı Çıkış Harcın Kampüs'ten! Eğitim Harcamalarında Sağlam Avantaj: 5 Taksit Fırsatı! Kampüs’le Finansı Keşfet! Sağlam Kart Kampüs'e Başvur
Kuveyt Türk,https://www.kuveytturk.com.tr/kampanyalar/isim-icin/musteri-ol-kampanyalari/mobilden-kuveyt-turklu-olan-esnaf-ciftci-ve-sahis-firmalarina-ozel-1000-tl-hediye,"Mobilden Kuveyt Türklü olan Esnaf, Çiftçi ve Şahıs Firmalarına Özel 1000 TL Hediye! | Kuveyt Türk Katılım Bankası",Kampanya,,,"Mobilden Kuveyt Türklü olan Esnaf, Çiftçi ve Şahıs Firmalarına Özel 1000 TL Hediye! | Kuveyt Türk Katılım Bankası Hakkımızda Finans Portalı Özel Bankacılık Yatırımcı İlişkileri Şube ve ATM’ler Dijital Bankacılık Ürün ve Hizmet Ücretleri English العربية Search Kendim İçin Ana Sayfa Finansmanlar Konut Finansmanları Araç Finansmanları Alışveriş Finansmanları İhtiyaç Finansmanları Sürdürülebilir Finansmanlar Hesaplar Cari Hesaplar Katılma Hesapları Altın Hesapları Yatırım Hesabı Diğer Kıymetli Maden Hesapları IBAN Sorgulama TMSF Güvencesi Kartlar Kredi Kartları Banka Kartları Kartlarımızın Ortak Özellikleri Harcama İtirazı (Chargeback) Nasıl Yapılır? Kart Karşılaştırma Ödemeler ve Hizmetler Diğer Hizmetler Ödemeler Sigorta ve Emeklilik Faizsiz Sigortacılık Nedir? Hayat Sigortaları Elementer Sigortalar Emeklilik Sağlık Sigortaları Yatırım Ürünleri Hazine Ürünleri Sermaye Piyasası Ürünleri Fonum Ne Getirdi? Yatırım Rehberim Altın Bankacılığı Altın Hesapları Altın Günleri Kuyumcular Aracılığı ile Altın Toplama Canlı Altın Fiyatları Özel Bankacılık Size Özel Hizmetlerimiz Özel Bankacılık Kredi Kartı Biz Bize Bankacılık Biz Bize Bankacılık Biz Bize Plus Biz Bize Yabancı Bankacılık Yabancı Bankacılık Bankacılık İşlemleri Dijital Bankacılık Nasıl Müşteri Olunur? Yurt Dışı İşlemler Kampüs Kampüs Nedir? Kuveyt Türk Kampüs’e Gelenlere Toplamda 13.500 TL Hediye! Ayın Kampüslüsü’ne Özel Fırsatlar! Bir Defa Yurt Dışı Çıkış Harcın Kampüs'ten! Eğitim Harcamalarında Sağlam Avantaj: 5 Taksit Fırs"
Kuveyt Türk,https://www.kuveytturk.com.tr/kampanyalar/kendim-icin,Kendim İçin | Kuveyt Türk Katılım Bankası,Kampanya,,,Kendim İçin | Kuveyt Türk Katılım Bankası Hakkımızda Finans Portalı Özel Bankacılık Yatırımcı İlişkileri Şube ve ATM’ler Dijital Bankacılık Ürün ve Hizmet Ücretleri English العربية Search Kendim İçin Ana Sayfa Finansmanlar Konut Finansmanları Araç Finansmanları Alışveriş Finansmanları İhtiyaç Finansmanları Sürdürülebilir Finansmanlar Hesaplar Cari Hesaplar Katılma Hesapları Altın Hesapları Yatırım Hesabı Diğer Kıymetli Maden Hesapları IBAN Sorgulama TMSF Güvencesi Kartlar Kredi Kartları Banka Kartları Kartlarımızın Ortak Özellikleri Harcama İtirazı (Chargeback) Nasıl Yapılır? Kart Karşılaştırma Ödemeler ve Hizmetler Diğer Hizmetler Ödemeler Sigorta ve Emeklilik Faizsiz Sigortacılık Nedir? Hayat Sigortaları Elementer Sigortalar Emeklilik Sağlık Sigortaları Yatırım Ürünleri Hazine Ürünleri Sermaye Piyasası Ürünleri Fonum Ne Getirdi? Yatırım Rehberim Altın Bankacılığı Altın Hesapları Altın Günleri Kuyumcular Aracılığı ile Altın Toplama Canlı Altın Fiyatları Özel Bankacılık Size Özel Hizmetlerimiz Özel Bankacılık Kredi Kartı Biz Bize Bankacılık Biz Bize Bankacılık Biz Bize Plus Biz Bize Yabancı Bankacılık Yabancı Bankacılık Bankacılık İşlemleri Dijital Bankacılık Nasıl Müşteri Olunur? Yurt Dışı İşlemler Kampüs Kampüs Nedir? Kuveyt Türk Kampüs’e Gelenlere Toplamda 13.500 TL Hediye! Ayın Kampüslüsü’ne Özel Fırsatlar! Bir Defa Yurt Dışı Çıkış Harcın Kampüs'ten! Eğitim Harcamalarında Sağlam Avantaj: 5 Taksit Fırsatı! Kampüs’le Finansı Keşfet! Sağlam Kart Kampüs'e Başvur! Yakınlarını 
Kuveyt Türk,https://www.kuveytturk.com.tr/kampanyalar/kendim-icin/kart-kampanyalari/egitim-ve-saglik-harcamalarinizda-5-taksit-firsati,Eğitim ve Sağlık Harcamalarınızda 5 Taksit Fırsatı! | Kuveyt Türk Katılım Bankası,Kart,,,Eğitim ve Sağlık Harcamalarınızda 5 Taksit Fırsatı! | Kuveyt Türk Katılım Bankası Hakkımızda Finans Portalı Özel Bankacılık Yatırımcı İlişkileri Şube ve ATM’ler Dijital Bankacılık Ürün ve Hizmet Ücretleri English العربية Search Kendim İçin Ana Sayfa Finansmanlar Konut Finansmanları Araç Finansmanları Alışveriş Finansmanları İhtiyaç Finansmanları Sürdürülebilir Finansmanlar Hesaplar Cari Hesaplar Katılma Hesapları Altın Hesapları Yatırım Hesabı Diğer Kıymetli Maden Hesapları IBAN Sorgulama TMSF Güvencesi Kartlar Kredi Kartları Banka Kartları Kartlarımızın Ortak Özellikleri Harcama İtirazı (Chargeback) Nasıl Yapılır? Kart Karşılaştırma Ödemeler ve Hizmetler Diğer Hizmetler Ödemeler Sigorta ve Emeklilik Faizsiz Sigortacılık Nedir? Hayat Sigortaları Elementer Sigortalar Emeklilik Sağlık Sigortaları Yatırım Ürünleri Hazine Ürünleri Sermaye Piyasası Ürünleri Fonum Ne Getirdi? Yatırım Rehberim Altın Bankacılığı Altın Hesapları Altın Günleri Kuyumcular Aracılığı ile Altın Toplama Canlı Altın Fiyatları Özel Bankacılık Size Özel Hizmetlerimiz Özel Bankacılık Kredi Kartı Biz Bize Bankacılık Biz Bize Bankacılık Biz Bize Plus Biz Bize Yabancı Bankacılık Yabancı Bankacılık Bankacılık İşlemleri Dijital Bankacılık Nasıl Müşteri Olunur? Yurt Dışı İşlemler Kampüs Kampüs Nedir? Kuveyt Türk Kampüs’e Gelenlere Toplamda 13.500 TL Hediye! Ayın Kampüslüsü’ne Özel Fırsatlar! Bir Defa Yurt Dışı Çıkış Harcın Kampüs'ten! Eğitim Harcamalarında Sağlam Avantaj: 5 Taksit Fırsatı! Kampüs’le Finansı Keşfet! S
Kuveyt Türk,https://www.kuveytturk.com.tr/kampanyalar/kendim-icin/kart-kampanyalari/kuveyt-turk-mobilden-pratik-bes-planiniza-2000-tl-hediye,Kuveyt Türk Mobil'den Pratik BES planınıza 2000 TL Hediye! | Kuveyt Türk Katılım Bankası,Kart,,,Kuveyt Türk Mobil'den Pratik BES planınıza 2000 TL Hediye! | Kuveyt Türk Katılım Bankası Hakkımızda Finans Portalı Özel Bankacılık Yatırımcı İlişkileri Şube ve ATM’ler Dijital Bankacılık Ürün ve Hizmet Ücretleri English العربية Search Kendim İçin Ana Sayfa Finansmanlar Konut Finansmanları Araç Finansmanları Alışveriş Finansmanları İhtiyaç Finansmanları Sürdürülebilir Finansmanlar Hesaplar Cari Hesaplar Katılma Hesapları Altın Hesapları Yatırım Hesabı Diğer Kıymetli Maden Hesapları IBAN Sorgulama TMSF Güvencesi Kartlar Kredi Kartları Banka Kartları Kartlarımızın Ortak Özellikleri Harcama İtirazı (Chargeback) Nasıl Yapılır? Kart Karşılaştırma Ödemeler ve Hizmetler Diğer Hizmetler Ödemeler Sigorta ve Emeklilik Faizsiz Sigortacılık Nedir? Hayat Sigortaları Elementer Sigortalar Emeklilik Sağlık Sigortaları Yatırım Ürünleri Hazine Ürünleri Sermaye Piyasası Ürünleri Fonum Ne Getirdi? Yatırım Rehberim Altın Bankacılığı Altın Hesapları Altın Günleri Kuyumcular Aracılığı ile Altın Toplama Canlı Altın Fiyatları Özel Bankacılık Size Özel Hizmetlerimiz Özel Bankacılık Kredi Kartı Biz Bize Bankacılık Biz Bize Bankacılık Biz Bize Plus Biz Bize Yabancı Bankacılık Yabancı Bankacılık Bankacılık İşlemleri Dijital Bankacılık Nasıl Müşteri Olunur? Yurt Dışı İşlemler Kampüs Kampüs Nedir? Kuveyt Türk Kampüs’e Gelenlere Toplamda 13.500 TL Hediye! Ayın Kampüslüsü’ne Özel Fırsatlar! Bir Defa Yurt Dışı Çıkış Harcın Kampüs'ten! Eğitim Harcamalarında Sağlam Avantaj: 5 Taksit Fırsatı! Kampüs’le Finansı Ke
Kuveyt Türk,https://www.kuveytturk.com.tr/kampanyalar/kendim-icin/kart-kampanyalari/yeni-saglam-kart-troylulara-ozel-vade-farksiz-5-aya-varan-taksit-imkani,Yeni Sağlam Kart Troy'lulara Özel Vade Farksız 5 Aya Varan Taksit İmkanı! | Kuveyt Türk Katılım Bankası,Kart,,,Yeni Sağlam Kart Troy'lulara Özel Vade Farksız 5 Aya Varan Taksit İmkanı! | Kuveyt Türk Katılım Bankası Hakkımızda Finans Portalı Özel Bankacılık Yatırımcı İlişkileri Şube ve ATM’ler Dijital Bankacılık Ürün ve Hizmet Ücretleri English العربية Search Kendim İçin Ana Sayfa Finansmanlar Konut Finansmanları Araç Finansmanları Alışveriş Finansmanları İhtiyaç Finansmanları Sürdürülebilir Finansmanlar Hesaplar Cari Hesaplar Katılma Hesapları Altın Hesapları Yatırım Hesabı Diğer Kıymetli Maden Hesapları IBAN Sorgulama TMSF Güvencesi Kartlar Kredi Kartları Banka Kartları Kartlarımızın Ortak Özellikleri Harcama İtirazı (Chargeback) Nasıl Yapılır? Kart Karşılaştırma Ödemeler ve Hizmetler Diğer Hizmetler Ödemeler Sigorta ve Emeklilik Faizsiz Sigortacılık Nedir? Hayat Sigortaları Elementer Sigortalar Emeklilik Sağlık Sigortaları Yatırım Ürünleri Hazine Ürünleri Sermaye Piyasası Ürünleri Fonum Ne Getirdi? Yatırım Rehberim Altın Bankacılığı Altın Hesapları Altın Günleri Kuyumcular Aracılığı ile Altın Toplama Canlı Altın Fiyatları Özel Bankacılık Size Özel Hizmetlerimiz Özel Bankacılık Kredi Kartı Biz Bize Bankacılık Biz Bize Bankacılık Biz Bize Plus Biz Bize Yabancı Bankacılık Yabancı Bankacılık Bankacılık İşlemleri Dijital Bankacılık Nasıl Müşteri Olunur? Yurt Dışı İşlemler Kampüs Kampüs Nedir? Kuveyt Türk Kampüs’e Gelenlere Toplamda 13.500 TL Hediye! Ayın Kampüslüsü’ne Özel Fırsatlar! Bir Defa Yurt Dışı Çıkış Harcın Kampüs'ten! Eğitim Harcamalarında Sağlam Avantaj: 5 Taksit Fırsatı! Kampü
Kuveyt Türk,https://www.kuveytturk.com.tr/kampanyalar/kendim-icin/musteri-ol-kampanyalari/davet-kodunla-gel-memnuniyet-anketine-katil-750-tl-kazan,"Davet Kodunla Gel, Memnuniyet Anketine Katıl, 750 TL Kazan! | Kuveyt Türk Katılım Bankası",Kampanya,,,"Davet Kodunla Gel, Memnuniyet Anketine Katıl, 750 TL Kazan! | Kuveyt Türk Katılım Bankası Hakkımızda Finans Portalı Özel Bankacılık Yatırımcı İlişkileri Şube ve ATM’ler Dijital Bankacılık Ürün ve Hizmet Ücretleri English العربية Search Kendim İçin Ana Sayfa Finansmanlar Konut Finansmanları Araç Finansmanları Alışveriş Finansmanları İhtiyaç Finansmanları Sürdürülebilir Finansmanlar Hesaplar Cari Hesaplar Katılma Hesapları Altın Hesapları Yatırım Hesabı Diğer Kıymetli Maden Hesapları IBAN Sorgulama TMSF Güvencesi Kartlar Kredi Kartları Banka Kartları Kartlarımızın Ortak Özellikleri Harcama İtirazı (Chargeback) Nasıl Yapılır? Kart Karşılaştırma Ödemeler ve Hizmetler Diğer Hizmetler Ödemeler Sigorta ve Emeklilik Faizsiz Sigortacılık Nedir? Hayat Sigortaları Elementer Sigortalar Emeklilik Sağlık Sigortaları Yatırım Ürünleri Hazine Ürünleri Sermaye Piyasası Ürünleri Fonum Ne Getirdi? Yatırım Rehberim Altın Bankacılığı Altın Hesapları Altın Günleri Kuyumcular Aracılığı ile Altın Toplama Canlı Altın Fiyatları Özel Bankacılık Size Özel Hizmetlerimiz Özel Bankacılık Kredi Kartı Biz Bize Bankacılık Biz Bize Bankacılık Biz Bize Plus Biz Bize Yabancı Bankacılık Yabancı Bankacılık Bankacılık İşlemleri Dijital Bankacılık Nasıl Müşteri Olunur? Yurt Dışı İşlemler Kampüs Kampüs Nedir? Kuveyt Türk Kampüs’e Gelenlere Toplamda 13.500 TL Hediye! Ayın Kampüslüsü’ne Özel Fırsatlar! Bir Defa Yurt Dışı Çıkış Harcın Kampüs'ten! Eğitim Harcamalarında Sağlam Avantaj: 5 Taksit Fırsatı! Kampüs’le Finansı K"
Kuveyt Türk,https://www.kuveytturk.com.tr/kampanyalar/kendim-icin/musteri-ol-kampanyalari/evlenecek-olan-veya-yeni-evli-ciftlere-kuveyt-turkten-mujde-evlilik-paketi,Evlenecek Olan veya Yeni Evli Çiftlere Kuveyt Türk’ten Müjde Evlilik Paketi! | Kuveyt Türk Katılım Bankası,Kampanya,,,Evlenecek Olan veya Yeni Evli Çiftlere Kuveyt Türk’ten Müjde Evlilik Paketi! | Kuveyt Türk Katılım Bankası Hakkımızda Finans Portalı Özel Bankacılık Yatırımcı İlişkileri Şube ve ATM’ler Dijital Bankacılık Ürün ve Hizmet Ücretleri English العربية Search Kendim İçin Ana Sayfa Finansmanlar Konut Finansmanları Araç Finansmanları Alışveriş Finansmanları İhtiyaç Finansmanları Sürdürülebilir Finansmanlar Hesaplar Cari Hesaplar Katılma Hesapları Altın Hesapları Yatırım Hesabı Diğer Kıymetli Maden Hesapları IBAN Sorgulama TMSF Güvencesi Kartlar Kredi Kartları Banka Kartları Kartlarımızın Ortak Özellikleri Harcama İtirazı (Chargeback) Nasıl Yapılır? Kart Karşılaştırma Ödemeler ve Hizmetler Diğer Hizmetler Ödemeler Sigorta ve Emeklilik Faizsiz Sigortacılık Nedir? Hayat Sigortaları Elementer Sigortalar Emeklilik Sağlık Sigortaları Yatırım Ürünleri Hazine Ürünleri Sermaye Piyasası Ürünleri Fonum Ne Getirdi? Yatırım Rehberim Altın Bankacılığı Altın Hesapları Altın Günleri Kuyumcular Aracılığı ile Altın Toplama Canlı Altın Fiyatları Özel Bankacılık Size Özel Hizmetlerimiz Özel Bankacılık Kredi Kartı Biz Bize Bankacılık Biz Bize Bankacılık Biz Bize Plus Biz Bize Yabancı Bankacılık Yabancı Bankacılık Bankacılık İşlemleri Dijital Bankacılık Nasıl Müşteri Olunur? Yurt Dışı İşlemler Kampüs Kampüs Nedir? Kuveyt Türk Kampüs’e Gelenlere Toplamda 13.500 TL Hediye! Ayın Kampüslüsü’ne Özel Fırsatlar! Bir Defa Yurt Dışı Çıkış Harcın Kampüs'ten! Eğitim Harcamalarında Sağlam Avantaj: 5 Taksit Fırsatı! Ka
Kuveyt Türk,https://www.kuveytturk.com.tr/kampanyalar/kendim-icin/musteri-ol-kampanyalari/fatura-talimatlariniza-toplam-500-tl-hediye,Fatura Talimatlarınıza Toplam 500 TL Hediye! | Kuveyt Türk Katılım Bankası,Kampanya,,,Fatura Talimatlarınıza Toplam 500 TL Hediye! | Kuveyt Türk Katılım Bankası Hakkımızda Finans Portalı Özel Bankacılık Yatırımcı İlişkileri Şube ve ATM’ler Dijital Bankacılık Ürün ve Hizmet Ücretleri English العربية Search Kendim İçin Ana Sayfa Finansmanlar Konut Finansmanları Araç Finansmanları Alışveriş Finansmanları İhtiyaç Finansmanları Sürdürülebilir Finansmanlar Hesaplar Cari Hesaplar Katılma Hesapları Altın Hesapları Yatırım Hesabı Diğer Kıymetli Maden Hesapları IBAN Sorgulama TMSF Güvencesi Kartlar Kredi Kartları Banka Kartları Kartlarımızın Ortak Özellikleri Harcama İtirazı (Chargeback) Nasıl Yapılır? Kart Karşılaştırma Ödemeler ve Hizmetler Diğer Hizmetler Ödemeler Sigorta ve Emeklilik Faizsiz Sigortacılık Nedir? Hayat Sigortaları Elementer Sigortalar Emeklilik Sağlık Sigortaları Yatırım Ürünleri Hazine Ürünleri Sermaye Piyasası Ürünleri Fonum Ne Getirdi? Yatırım Rehberim Altın Bankacılığı Altın Hesapları Altın Günleri Kuyumcular Aracılığı ile Altın Toplama Canlı Altın Fiyatları Özel Bankacılık Size Özel Hizmetlerimiz Özel Bankacılık Kredi Kartı Biz Bize Bankacılık Biz Bize Bankacılık Biz Bize Plus Biz Bize Yabancı Bankacılık Yabancı Bankacılık Bankacılık İşlemleri Dijital Bankacılık Nasıl Müşteri Olunur? Yurt Dışı İşlemler Kampüs Kampüs Nedir? Kuveyt Türk Kampüs’e Gelenlere Toplamda 13.500 TL Hediye! Ayın Kampüslüsü’ne Özel Fırsatlar! Bir Defa Yurt Dışı Çıkış Harcın Kampüs'ten! Eğitim Harcamalarında Sağlam Avantaj: 5 Taksit Fırsatı! Kampüs’le Finansı Keşfet! Sağlam K
Kuveyt Türk,https://www.kuveytturk.com.tr/kampanyalar/kendim-icin/musteri-ol-kampanyalari/kuveyt-turk-mobilden-musterimiz-olun-ozel-kur-firsatini-kacirmayin,Kuveyt Türk Mobil’den Müşterimiz Olun Özel Kur Fırsatını Kaçırmayın! | Kuveyt Türk Katılım Bankası,Kampanya,,,Kuveyt Türk Mobil’den Müşterimiz Olun Özel Kur Fırsatını Kaçırmayın! | Kuveyt Türk Katılım Bankası Hakkımızda Finans Portalı Özel Bankacılık Yatırımcı İlişkileri Şube ve ATM’ler Dijital Bankacılık Ürün ve Hizmet Ücretleri English العربية Search Kendim İçin Ana Sayfa Finansmanlar Konut Finansmanları Araç Finansmanları Alışveriş Finansmanları İhtiyaç Finansmanları Sürdürülebilir Finansmanlar Hesaplar Cari Hesaplar Katılma Hesapları Altın Hesapları Yatırım Hesabı Diğer Kıymetli Maden Hesapları IBAN Sorgulama TMSF Güvencesi Kartlar Kredi Kartları Banka Kartları Kartlarımızın Ortak Özellikleri Harcama İtirazı (Chargeback) Nasıl Yapılır? Kart Karşılaştırma Ödemeler ve Hizmetler Diğer Hizmetler Ödemeler Sigorta ve Emeklilik Faizsiz Sigortacılık Nedir? Hayat Sigortaları Elementer Sigortalar Emeklilik Sağlık Sigortaları Yatırım Ürünleri Hazine Ürünleri Sermaye Piyasası Ürünleri Fonum Ne Getirdi? Yatırım Rehberim Altın Bankacılığı Altın Hesapları Altın Günleri Kuyumcular Aracılığı ile Altın Toplama Canlı Altın Fiyatları Özel Bankacılık Size Özel Hizmetlerimiz Özel Bankacılık Kredi Kartı Biz Bize Bankacılık Biz Bize Bankacılık Biz Bize Plus Biz Bize Yabancı Bankacılık Yabancı Bankacılık Bankacılık İşlemleri Dijital Bankacılık Nasıl Müşteri Olunur? Yurt Dışı İşlemler Kampüs Kampüs Nedir? Kuveyt Türk Kampüs’e Gelenlere Toplamda 13.500 TL Hediye! Ayın Kampüslüsü’ne Özel Fırsatlar! Bir Defa Yurt Dışı Çıkış Harcın Kampüs'ten! Eğitim Harcamalarında Sağlam Avantaj: 5 Taksit Fırsatı! Kampüs’le 
Kuveyt Türk,https://www.kuveytturk.com.tr/kampanyalar/kendim-icin/musteri-ol-kampanyalari/mobilden-kuveyt-turklu-olanlara-toplamda-7250-tl-hediye,Mobilden Kuveyt Türklü Olanlara Toplamda 7.250 TL Hediye! | Kuveyt Türk Katılım Bankası,Kampanya,,,Mobilden Kuveyt Türklü Olanlara Toplamda 7.250 TL Hediye! | Kuveyt Türk Katılım Bankası Hakkımızda Finans Portalı Özel Bankacılık Yatırımcı İlişkileri Şube ve ATM’ler Dijital Bankacılık Ürün ve Hizmet Ücretleri English العربية Search Kendim İçin Ana Sayfa Finansmanlar Konut Finansmanları Araç Finansmanları Alışveriş Finansmanları İhtiyaç Finansmanları Sürdürülebilir Finansmanlar Hesaplar Cari Hesaplar Katılma Hesapları Altın Hesapları Yatırım Hesabı Diğer Kıymetli Maden Hesapları IBAN Sorgulama TMSF Güvencesi Kartlar Kredi Kartları Banka Kartları Kartlarımızın Ortak Özellikleri Harcama İtirazı (Chargeback) Nasıl Yapılır? Kart Karşılaştırma Ödemeler ve Hizmetler Diğer Hizmetler Ödemeler Sigorta ve Emeklilik Faizsiz Sigortacılık Nedir? Hayat Sigortaları Elementer Sigortalar Emeklilik Sağlık Sigortaları Yatırım Ürünleri Hazine Ürünleri Sermaye Piyasası Ürünleri Fonum Ne Getirdi? Yatırım Rehberim Altın Bankacılığı Altın Hesapları Altın Günleri Kuyumcular Aracılığı ile Altın Toplama Canlı Altın Fiyatları Özel Bankacılık Size Özel Hizmetlerimiz Özel Bankacılık Kredi Kartı Biz Bize Bankacılık Biz Bize Bankacılık Biz Bize Plus Biz Bize Yabancı Bankacılık Yabancı Bankacılık Bankacılık İşlemleri Dijital Bankacılık Nasıl Müşteri Olunur? Yurt Dışı İşlemler Kampüs Kampüs Nedir? Kuveyt Türk Kampüs’e Gelenlere Toplamda 13.500 TL Hediye! Ayın Kampüslüsü’ne Özel Fırsatlar! Bir Defa Yurt Dışı Çıkış Harcın Kampüs'ten! Eğitim Harcamalarında Sağlam Avantaj: 5 Taksit Fırsatı! Kampüs’le Finansı Keş
Kuveyt Türk,https://www.kuveytturk.com.tr/kampanyalar/kendim-icin/musteri-ol-kampanyalari/yakinlarini-kuveyt-turke-davet-et-toplamda-5000-tlye-varan-hediye-kazan,Yakınlarını Kuveyt Türk'e Davet Et Toplamda 5.000 TL'ye Varan Hediye Kazan! | Kuveyt Türk Katılım Bankası,Kampanya,,,Yakınlarını Kuveyt Türk'e Davet Et Toplamda 5.000 TL'ye Varan Hediye Kazan! | Kuveyt Türk Katılım Bankası Hakkımızda Finans Portalı Özel Bankacılık Yatırımcı İlişkileri Şube ve ATM’ler Dijital Bankacılık Ürün ve Hizmet Ücretleri English العربية Search Kendim İçin Ana Sayfa Finansmanlar Konut Finansmanları Araç Finansmanları Alışveriş Finansmanları İhtiyaç Finansmanları Sürdürülebilir Finansmanlar Hesaplar Cari Hesaplar Katılma Hesapları Altın Hesapları Yatırım Hesabı Diğer Kıymetli Maden Hesapları IBAN Sorgulama TMSF Güvencesi Kartlar Kredi Kartları Banka Kartları Kartlarımızın Ortak Özellikleri Harcama İtirazı (Chargeback) Nasıl Yapılır? Kart Karşılaştırma Ödemeler ve Hizmetler Diğer Hizmetler Ödemeler Sigorta ve Emeklilik Faizsiz Sigortacılık Nedir? Hayat Sigortaları Elementer Sigortalar Emeklilik Sağlık Sigortaları Yatırım Ürünleri Hazine Ürünleri Sermaye Piyasası Ürünleri Fonum Ne Getirdi? Yatırım Rehberim Altın Bankacılığı Altın Hesapları Altın Günleri Kuyumcular Aracılığı ile Altın Toplama Canlı Altın Fiyatları Özel Bankacılık Size Özel Hizmetlerimiz Özel Bankacılık Kredi Kartı Biz Bize Bankacılık Biz Bize Bankacılık Biz Bize Plus Biz Bize Yabancı Bankacılık Yabancı Bankacılık Bankacılık İşlemleri Dijital Bankacılık Nasıl Müşteri Olunur? Yurt Dışı İşlemler Kampüs Kampüs Nedir? Kuveyt Türk Kampüs’e Gelenlere Toplamda 13.500 TL Hediye! Ayın Kampüslüsü’ne Özel Fırsatlar! Bir Defa Yurt Dışı Çıkış Harcın Kampüs'ten! Eğitim Harcamalarında Sağlam Avantaj: 5 Taksit Fırsatı! Kam
Kuveyt Türk,https://www.kuveytturk.com.tr/kampanyalar/kendim-icin/musteri-ol-kampanyalari/yeni-kuveyt-turk-mobil-musterilerine-10000-mile-varan-firsat,Yeni Kuveyt Türk Mobil Müşterilerine 10.000 Mil'e Varan Fırsat! | Kuveyt Türk Katılım Bankası,Kampanya,,,Yeni Kuveyt Türk Mobil Müşterilerine 10.000 Mil'e Varan Fırsat! | Kuveyt Türk Katılım Bankası Hakkımızda Finans Portalı Özel Bankacılık Yatırımcı İlişkileri Şube ve ATM’ler Dijital Bankacılık Ürün ve Hizmet Ücretleri English العربية Search Kendim İçin Ana Sayfa Finansmanlar Konut Finansmanları Araç Finansmanları Alışveriş Finansmanları İhtiyaç Finansmanları Sürdürülebilir Finansmanlar Hesaplar Cari Hesaplar Katılma Hesapları Altın Hesapları Yatırım Hesabı Diğer Kıymetli Maden Hesapları IBAN Sorgulama TMSF Güvencesi Kartlar Kredi Kartları Banka Kartları Kartlarımızın Ortak Özellikleri Harcama İtirazı (Chargeback) Nasıl Yapılır? Kart Karşılaştırma Ödemeler ve Hizmetler Diğer Hizmetler Ödemeler Sigorta ve Emeklilik Faizsiz Sigortacılık Nedir? Hayat Sigortaları Elementer Sigortalar Emeklilik Sağlık Sigortaları Yatırım Ürünleri Hazine Ürünleri Sermaye Piyasası Ürünleri Fonum Ne Getirdi? Yatırım Rehberim Altın Bankacılığı Altın Hesapları Altın Günleri Kuyumcular Aracılığı ile Altın Toplama Canlı Altın Fiyatları Özel Bankacılık Size Özel Hizmetlerimiz Özel Bankacılık Kredi Kartı Biz Bize Bankacılık Biz Bize Bankacılık Biz Bize Plus Biz Bize Yabancı Bankacılık Yabancı Bankacılık Bankacılık İşlemleri Dijital Bankacılık Nasıl Müşteri Olunur? Yurt Dışı İşlemler Kampüs Kampüs Nedir? Kuveyt Türk Kampüs’e Gelenlere Toplamda 13.500 TL Hediye! Ayın Kampüslüsü’ne Özel Fırsatlar! Bir Defa Yurt Dışı Çıkış Harcın Kampüs'ten! Eğitim Harcamalarında Sağlam Avantaj: 5 Taksit Fırsatı! Kampüs’le Finan
Kuveyt Türk,https://www.kuveytturk.com.tr/kampanyalar/kendim-icin/musteri-ol-kampanyalari/yeni-musterilere-ozel-ihtiyac-kartta-199-oran-firsati,"Yeni Müşterilere Özel İhtiyaç Kart'ta %1,99 Oran Fırsatı! | Kuveyt Türk Katılım Bankası",Kart,,,"Yeni Müşterilere Özel İhtiyaç Kart'ta %1,99 Oran Fırsatı! | Kuveyt Türk Katılım Bankası Hakkımızda Finans Portalı Özel Bankacılık Yatırımcı İlişkileri Şube ve ATM’ler Dijital Bankacılık Ürün ve Hizmet Ücretleri English العربية Search Kendim İçin Ana Sayfa Finansmanlar Konut Finansmanları Araç Finansmanları Alışveriş Finansmanları İhtiyaç Finansmanları Sürdürülebilir Finansmanlar Hesaplar Cari Hesaplar Katılma Hesapları Altın Hesapları Yatırım Hesabı Diğer Kıymetli Maden Hesapları IBAN Sorgulama TMSF Güvencesi Kartlar Kredi Kartları Banka Kartları Kartlarımızın Ortak Özellikleri Harcama İtirazı (Chargeback) Nasıl Yapılır? Kart Karşılaştırma Ödemeler ve Hizmetler Diğer Hizmetler Ödemeler Sigorta ve Emeklilik Faizsiz Sigortacılık Nedir? Hayat Sigortaları Elementer Sigortalar Emeklilik Sağlık Sigortaları Yatırım Ürünleri Hazine Ürünleri Sermaye Piyasası Ürünleri Fonum Ne Getirdi? Yatırım Rehberim Altın Bankacılığı Altın Hesapları Altın Günleri Kuyumcular Aracılığı ile Altın Toplama Canlı Altın Fiyatları Özel Bankacılık Size Özel Hizmetlerimiz Özel Bankacılık Kredi Kartı Biz Bize Bankacılık Biz Bize Bankacılık Biz Bize Plus Biz Bize Yabancı Bankacılık Yabancı Bankacılık Bankacılık İşlemleri Dijital Bankacılık Nasıl Müşteri Olunur? Yurt Dışı İşlemler Kampüs Kampüs Nedir? Kuveyt Türk Kampüs’e Gelenlere Toplamda 13.500 TL Hediye! Ayın Kampüslüsü’ne Özel Fırsatlar! Bir Defa Yurt Dışı Çıkış Harcın Kampüs'ten! Eğitim Harcamalarında Sağlam Avantaj: 5 Taksit Fırsatı! Kampüs’le Finansı Keş"
Kuveyt Türk,https://www.kuveytturk.com.tr/kart-karsilastirma/kendim-icin,Kart Karşılaştırma | Kuveyt Türk Katılım Bankası,Kart,,,Kart Karşılaştırma | Kuveyt Türk Katılım Bankası Hakkımızda Finans Portalı Özel Bankacılık Yatırımcı İlişkileri Şube ve ATM’ler Dijital Bankacılık Ürün ve Hizmet Ücretleri English العربية Search Kendim İçin Ana Sayfa Finansmanlar Konut Finansmanları Araç Finansmanları Alışveriş Finansmanları İhtiyaç Finansmanları Sürdürülebilir Finansmanlar Hesaplar Cari Hesaplar Katılma Hesapları Altın Hesapları Yatırım Hesabı Diğer Kıymetli Maden Hesapları IBAN Sorgulama TMSF Güvencesi Kartlar Kredi Kartları Banka Kartları Kartlarımızın Ortak Özellikleri Harcama İtirazı (Chargeback) Nasıl Yapılır? Kart Karşılaştırma Ödemeler ve Hizmetler Diğer Hizmetler Ödemeler Sigorta ve Emeklilik Faizsiz Sigortacılık Nedir? Hayat Sigortaları Elementer Sigortalar Emeklilik Sağlık Sigortaları Yatırım Ürünleri Hazine Ürünleri Sermaye Piyasası Ürünleri Fonum Ne Getirdi? Yatırım Rehberim Altın Bankacılığı Altın Hesapları Altın Günleri Kuyumcular Aracılığı ile Altın Toplama Canlı Altın Fiyatları Özel Bankacılık Size Özel Hizmetlerimiz Özel Bankacılık Kredi Kartı Biz Bize Bankacılık Biz Bize Bankacılık Biz Bize Plus Biz Bize Yabancı Bankacılık Yabancı Bankacılık Bankacılık İşlemleri Dijital Bankacılık Nasıl Müşteri Olunur? Yurt Dışı İşlemler Kampüs Kampüs Nedir? Kuveyt Türk Kampüs’e Gelenlere Toplamda 13.500 TL Hediye! Ayın Kampüslüsü’ne Özel Fırsatlar! Bir Defa Yurt Dışı Çıkış Harcın Kampüs'ten! Eğitim Harcamalarında Sağlam Avantaj: 5 Taksit Fırsatı! Kampüs’le Finansı Keşfet! Sağlam Kart Kampüs'e Başvur! Yakın
Kuveyt Türk,https://www.kuveytturk.com.tr/kendim-icin/altin-bankaciligi/altin-hesaplari,Altın Hesapları | Kuveyt Türk Katılım Bankası,Hesap,,,Altın Hesapları | Kuveyt Türk Katılım Bankası Hakkımızda Finans Portalı Özel Bankacılık Yatırımcı İlişkileri Şube ve ATM’ler Dijital Bankacılık Ürün ve Hizmet Ücretleri English العربية Search Kendim İçin Ana Sayfa Finansmanlar Konut Finansmanları Araç Finansmanları Alışveriş Finansmanları İhtiyaç Finansmanları Sürdürülebilir Finansmanlar Hesaplar Cari Hesaplar Katılma Hesapları Altın Hesapları Yatırım Hesabı Diğer Kıymetli Maden Hesapları IBAN Sorgulama TMSF Güvencesi Kartlar Kredi Kartları Banka Kartları Kartlarımızın Ortak Özellikleri Harcama İtirazı (Chargeback) Nasıl Yapılır? Kart Karşılaştırma Ödemeler ve Hizmetler Diğer Hizmetler Ödemeler Sigorta ve Emeklilik Faizsiz Sigortacılık Nedir? Hayat Sigortaları Elementer Sigortalar Emeklilik Sağlık Sigortaları Yatırım Ürünleri Hazine Ürünleri Sermaye Piyasası Ürünleri Fonum Ne Getirdi? Yatırım Rehberim Altın Bankacılığı Altın Hesapları Altın Günleri Kuyumcular Aracılığı ile Altın Toplama Canlı Altın Fiyatları Özel Bankacılık Size Özel Hizmetlerimiz Özel Bankacılık Kredi Kartı Biz Bize Bankacılık Biz Bize Bankacılık Biz Bize Plus Biz Bize Yabancı Bankacılık Yabancı Bankacılık Bankacılık İşlemleri Dijital Bankacılık Nasıl Müşteri Olunur? Yurt Dışı İşlemler Kampüs Kampüs Nedir? Kuveyt Türk Kampüs’e Gelenlere Toplamda 13.500 TL Hediye! Ayın Kampüslüsü’ne Özel Fırsatlar! Bir Defa Yurt Dışı Çıkış Harcın Kampüs'ten! Eğitim Harcamalarında Sağlam Avantaj: 5 Taksit Fırsatı! Kampüs’le Finansı Keşfet! Sağlam Kart Kampüs'e Başvur! Yakınlar
Kuveyt Türk,https://www.kuveytturk.com.tr/kendim-icin/finansmanlar,Finansmanlar | Kuveyt Türk Katılım Bankası,Finansman,,,Finansmanlar | Kuveyt Türk Katılım Bankası Hakkımızda Finans Portalı Özel Bankacılık Yatırımcı İlişkileri Şube ve ATM’ler Dijital Bankacılık Ürün ve Hizmet Ücretleri English العربية Search Kendim İçin Ana Sayfa Finansmanlar Konut Finansmanları Araç Finansmanları Alışveriş Finansmanları İhtiyaç Finansmanları Sürdürülebilir Finansmanlar Hesaplar Cari Hesaplar Katılma Hesapları Altın Hesapları Yatırım Hesabı Diğer Kıymetli Maden Hesapları IBAN Sorgulama TMSF Güvencesi Kartlar Kredi Kartları Banka Kartları Kartlarımızın Ortak Özellikleri Harcama İtirazı (Chargeback) Nasıl Yapılır? Kart Karşılaştırma Ödemeler ve Hizmetler Diğer Hizmetler Ödemeler Sigorta ve Emeklilik Faizsiz Sigortacılık Nedir? Hayat Sigortaları Elementer Sigortalar Emeklilik Sağlık Sigortaları Yatırım Ürünleri Hazine Ürünleri Sermaye Piyasası Ürünleri Fonum Ne Getirdi? Yatırım Rehberim Altın Bankacılığı Altın Hesapları Altın Günleri Kuyumcular Aracılığı ile Altın Toplama Canlı Altın Fiyatları Özel Bankacılık Size Özel Hizmetlerimiz Özel Bankacılık Kredi Kartı Biz Bize Bankacılık Biz Bize Bankacılık Biz Bize Plus Biz Bize Yabancı Bankacılık Yabancı Bankacılık Bankacılık İşlemleri Dijital Bankacılık Nasıl Müşteri Olunur? Yurt Dışı İşlemler Kampüs Kampüs Nedir? Kuveyt Türk Kampüs’e Gelenlere Toplamda 13.500 TL Hediye! Ayın Kampüslüsü’ne Özel Fırsatlar! Bir Defa Yurt Dışı Çıkış Harcın Kampüs'ten! Eğitim Harcamalarında Sağlam Avantaj: 5 Taksit Fırsatı! Kampüs’le Finansı Keşfet! Sağlam Kart Kampüs'e Başvur! Yakınlarını
Kuveyt Türk,https://www.kuveytturk.com.tr/kendim-icin/finansmanlar/alisveris-finansmanlari,Alışveriş Finansmanları | Kuveyt Türk Katılım Bankası,Finansman,,,Alışveriş Finansmanları | Kuveyt Türk Katılım Bankası Hakkımızda Finans Portalı Özel Bankacılık Yatırımcı İlişkileri Şube ve ATM’ler Dijital Bankacılık Ürün ve Hizmet Ücretleri English العربية Search Kendim İçin Ana Sayfa Finansmanlar Konut Finansmanları Araç Finansmanları Alışveriş Finansmanları İhtiyaç Finansmanları Sürdürülebilir Finansmanlar Hesaplar Cari Hesaplar Katılma Hesapları Altın Hesapları Yatırım Hesabı Diğer Kıymetli Maden Hesapları IBAN Sorgulama TMSF Güvencesi Kartlar Kredi Kartları Banka Kartları Kartlarımızın Ortak Özellikleri Harcama İtirazı (Chargeback) Nasıl Yapılır? Kart Karşılaştırma Ödemeler ve Hizmetler Diğer Hizmetler Ödemeler Sigorta ve Emeklilik Faizsiz Sigortacılık Nedir? Hayat Sigortaları Elementer Sigortalar Emeklilik Sağlık Sigortaları Yatırım Ürünleri Hazine Ürünleri Sermaye Piyasası Ürünleri Fonum Ne Getirdi? Yatırım Rehberim Altın Bankacılığı Altın Hesapları Altın Günleri Kuyumcular Aracılığı ile Altın Toplama Canlı Altın Fiyatları Özel Bankacılık Size Özel Hizmetlerimiz Özel Bankacılık Kredi Kartı Biz Bize Bankacılık Biz Bize Bankacılık Biz Bize Plus Biz Bize Yabancı Bankacılık Yabancı Bankacılık Bankacılık İşlemleri Dijital Bankacılık Nasıl Müşteri Olunur? Yurt Dışı İşlemler Kampüs Kampüs Nedir? Kuveyt Türk Kampüs’e Gelenlere Toplamda 13.500 TL Hediye! Ayın Kampüslüsü’ne Özel Fırsatlar! Bir Defa Yurt Dışı Çıkış Harcın Kampüs'ten! Eğitim Harcamalarında Sağlam Avantaj: 5 Taksit Fırsatı! Kampüs’le Finansı Keşfet! Sağlam Kart Kampüs'e Başvur! 
Kuveyt Türk,https://www.kuveytturk.com.tr/kendim-icin/finansmanlar/arac-finansmanlari,Araç Finansmanları | Kuveyt Türk Katılım Bankası,Finansman,,,Araç Finansmanları | Kuveyt Türk Katılım Bankası Hakkımızda Finans Portalı Özel Bankacılık Yatırımcı İlişkileri Şube ve ATM’ler Dijital Bankacılık Ürün ve Hizmet Ücretleri English العربية Search Kendim İçin Ana Sayfa Finansmanlar Konut Finansmanları Araç Finansmanları Alışveriş Finansmanları İhtiyaç Finansmanları Sürdürülebilir Finansmanlar Hesaplar Cari Hesaplar Katılma Hesapları Altın Hesapları Yatırım Hesabı Diğer Kıymetli Maden Hesapları IBAN Sorgulama TMSF Güvencesi Kartlar Kredi Kartları Banka Kartları Kartlarımızın Ortak Özellikleri Harcama İtirazı (Chargeback) Nasıl Yapılır? Kart Karşılaştırma Ödemeler ve Hizmetler Diğer Hizmetler Ödemeler Sigorta ve Emeklilik Faizsiz Sigortacılık Nedir? Hayat Sigortaları Elementer Sigortalar Emeklilik Sağlık Sigortaları Yatırım Ürünleri Hazine Ürünleri Sermaye Piyasası Ürünleri Fonum Ne Getirdi? Yatırım Rehberim Altın Bankacılığı Altın Hesapları Altın Günleri Kuyumcular Aracılığı ile Altın Toplama Canlı Altın Fiyatları Özel Bankacılık Size Özel Hizmetlerimiz Özel Bankacılık Kredi Kartı Biz Bize Bankacılık Biz Bize Bankacılık Biz Bize Plus Biz Bize Yabancı Bankacılık Yabancı Bankacılık Bankacılık İşlemleri Dijital Bankacılık Nasıl Müşteri Olunur? Yurt Dışı İşlemler Kampüs Kampüs Nedir? Kuveyt Türk Kampüs’e Gelenlere Toplamda 13.500 TL Hediye! Ayın Kampüslüsü’ne Özel Fırsatlar! Bir Defa Yurt Dışı Çıkış Harcın Kampüs'ten! Eğitim Harcamalarında Sağlam Avantaj: 5 Taksit Fırsatı! Kampüs’le Finansı Keşfet! Sağlam Kart Kampüs'e Başvur! Yakın
Kuveyt Türk,https://www.kuveytturk.com.tr/kendim-icin/finansmanlar/arac-finansmanlari/arac-finansmani,Araç Finansmanı | Kuveyt Türk Katılım Bankası,Finansman,,,Araç Finansmanı | Kuveyt Türk Katılım Bankası Hakkımızda Finans Portalı Özel Bankacılık Yatırımcı İlişkileri Şube ve ATM’ler Dijital Bankacılık Ürün ve Hizmet Ücretleri English العربية Search Kendim İçin Ana Sayfa Finansmanlar Konut Finansmanları Araç Finansmanları Alışveriş Finansmanları İhtiyaç Finansmanları Sürdürülebilir Finansmanlar Hesaplar Cari Hesaplar Katılma Hesapları Altın Hesapları Yatırım Hesabı Diğer Kıymetli Maden Hesapları IBAN Sorgulama TMSF Güvencesi Kartlar Kredi Kartları Banka Kartları Kartlarımızın Ortak Özellikleri Harcama İtirazı (Chargeback) Nasıl Yapılır? Kart Karşılaştırma Ödemeler ve Hizmetler Diğer Hizmetler Ödemeler Sigorta ve Emeklilik Faizsiz Sigortacılık Nedir? Hayat Sigortaları Elementer Sigortalar Emeklilik Sağlık Sigortaları Yatırım Ürünleri Hazine Ürünleri Sermaye Piyasası Ürünleri Fonum Ne Getirdi? Yatırım Rehberim Altın Bankacılığı Altın Hesapları Altın Günleri Kuyumcular Aracılığı ile Altın Toplama Canlı Altın Fiyatları Özel Bankacılık Size Özel Hizmetlerimiz Özel Bankacılık Kredi Kartı Biz Bize Bankacılık Biz Bize Bankacılık Biz Bize Plus Biz Bize Yabancı Bankacılık Yabancı Bankacılık Bankacılık İşlemleri Dijital Bankacılık Nasıl Müşteri Olunur? Yurt Dışı İşlemler Kampüs Kampüs Nedir? Kuveyt Türk Kampüs’e Gelenlere Toplamda 13.500 TL Hediye! Ayın Kampüslüsü’ne Özel Fırsatlar! Bir Defa Yurt Dışı Çıkış Harcın Kampüs'ten! Eğitim Harcamalarında Sağlam Avantaj: 5 Taksit Fırsatı! Kampüs’le Finansı Keşfet! Sağlam Kart Kampüs'e Başvur! Yakınlar
Kuveyt Türk,https://www.kuveytturk.com.tr/kendim-icin/finansmanlar/ihtiyac-finansmani,İhtiyaç Finansmanları | Kuveyt Türk Katılım Bankası,Finansman,,,İhtiyaç Finansmanları | Kuveyt Türk Katılım Bankası Hakkımızda Finans Portalı Özel Bankacılık Yatırımcı İlişkileri Şube ve ATM’ler Dijital Bankacılık Ürün ve Hizmet Ücretleri English العربية Search Kendim İçin Ana Sayfa Finansmanlar Konut Finansmanları Araç Finansmanları Alışveriş Finansmanları İhtiyaç Finansmanları Sürdürülebilir Finansmanlar Hesaplar Cari Hesaplar Katılma Hesapları Altın Hesapları Yatırım Hesabı Diğer Kıymetli Maden Hesapları IBAN Sorgulama TMSF Güvencesi Kartlar Kredi Kartları Banka Kartları Kartlarımızın Ortak Özellikleri Harcama İtirazı (Chargeback) Nasıl Yapılır? Kart Karşılaştırma Ödemeler ve Hizmetler Diğer Hizmetler Ödemeler Sigorta ve Emeklilik Faizsiz Sigortacılık Nedir? Hayat Sigortaları Elementer Sigortalar Emeklilik Sağlık Sigortaları Yatırım Ürünleri Hazine Ürünleri Sermaye Piyasası Ürünleri Fonum Ne Getirdi? Yatırım Rehberim Altın Bankacılığı Altın Hesapları Altın Günleri Kuyumcular Aracılığı ile Altın Toplama Canlı Altın Fiyatları Özel Bankacılık Size Özel Hizmetlerimiz Özel Bankacılık Kredi Kartı Biz Bize Bankacılık Biz Bize Bankacılık Biz Bize Plus Biz Bize Yabancı Bankacılık Yabancı Bankacılık Bankacılık İşlemleri Dijital Bankacılık Nasıl Müşteri Olunur? Yurt Dışı İşlemler Kampüs Kampüs Nedir? Kuveyt Türk Kampüs’e Gelenlere Toplamda 13.500 TL Hediye! Ayın Kampüslüsü’ne Özel Fırsatlar! Bir Defa Yurt Dışı Çıkış Harcın Kampüs'ten! Eğitim Harcamalarında Sağlam Avantaj: 5 Taksit Fırsatı! Kampüs’le Finansı Keşfet! Sağlam Kart Kampüs'e Başvur! Ya
Kuveyt Türk,https://www.kuveytturk.com.tr/kendim-icin/finansmanlar/ihtiyac-finansmanlari,İhtiyaç Finansmanları | Kuveyt Türk Katılım Bankası,Finansman,,,İhtiyaç Finansmanları | Kuveyt Türk Katılım Bankası Hakkımızda Finans Portalı Özel Bankacılık Yatırımcı İlişkileri Şube ve ATM’ler Dijital Bankacılık Ürün ve Hizmet Ücretleri English العربية Search Kendim İçin Ana Sayfa Finansmanlar Konut Finansmanları Araç Finansmanları Alışveriş Finansmanları İhtiyaç Finansmanları Sürdürülebilir Finansmanlar Hesaplar Cari Hesaplar Katılma Hesapları Altın Hesapları Yatırım Hesabı Diğer Kıymetli Maden Hesapları IBAN Sorgulama TMSF Güvencesi Kartlar Kredi Kartları Banka Kartları Kartlarımızın Ortak Özellikleri Harcama İtirazı (Chargeback) Nasıl Yapılır? Kart Karşılaştırma Ödemeler ve Hizmetler Diğer Hizmetler Ödemeler Sigorta ve Emeklilik Faizsiz Sigortacılık Nedir? Hayat Sigortaları Elementer Sigortalar Emeklilik Sağlık Sigortaları Yatırım Ürünleri Hazine Ürünleri Sermaye Piyasası Ürünleri Fonum Ne Getirdi? Yatırım Rehberim Altın Bankacılığı Altın Hesapları Altın Günleri Kuyumcular Aracılığı ile Altın Toplama Canlı Altın Fiyatları Özel Bankacılık Size Özel Hizmetlerimiz Özel Bankacılık Kredi Kartı Biz Bize Bankacılık Biz Bize Bankacılık Biz Bize Plus Biz Bize Yabancı Bankacılık Yabancı Bankacılık Bankacılık İşlemleri Dijital Bankacılık Nasıl Müşteri Olunur? Yurt Dışı İşlemler Kampüs Kampüs Nedir? Kuveyt Türk Kampüs’e Gelenlere Toplamda 13.500 TL Hediye! Ayın Kampüslüsü’ne Özel Fırsatlar! Bir Defa Yurt Dışı Çıkış Harcın Kampüs'ten! Eğitim Harcamalarında Sağlam Avantaj: 5 Taksit Fırsatı! Kampüs’le Finansı Keşfet! Sağlam Kart Kampüs'e Başvur! Ya
Kuveyt Türk,https://www.kuveytturk.com.tr/kendim-icin/finansmanlar/konut-finansmanlari,Konut Finansmanları | Kuveyt Türk Katılım Bankası,Finansman,,,Konut Finansmanları | Kuveyt Türk Katılım Bankası Hakkımızda Finans Portalı Özel Bankacılık Yatırımcı İlişkileri Şube ve ATM’ler Dijital Bankacılık Ürün ve Hizmet Ücretleri English العربية Search Kendim İçin Ana Sayfa Finansmanlar Konut Finansmanları Araç Finansmanları Alışveriş Finansmanları İhtiyaç Finansmanları Sürdürülebilir Finansmanlar Hesaplar Cari Hesaplar Katılma Hesapları Altın Hesapları Yatırım Hesabı Diğer Kıymetli Maden Hesapları IBAN Sorgulama TMSF Güvencesi Kartlar Kredi Kartları Banka Kartları Kartlarımızın Ortak Özellikleri Harcama İtirazı (Chargeback) Nasıl Yapılır? Kart Karşılaştırma Ödemeler ve Hizmetler Diğer Hizmetler Ödemeler Sigorta ve Emeklilik Faizsiz Sigortacılık Nedir? Hayat Sigortaları Elementer Sigortalar Emeklilik Sağlık Sigortaları Yatırım Ürünleri Hazine Ürünleri Sermaye Piyasası Ürünleri Fonum Ne Getirdi? Yatırım Rehberim Altın Bankacılığı Altın Hesapları Altın Günleri Kuyumcular Aracılığı ile Altın Toplama Canlı Altın Fiyatları Özel Bankacılık Size Özel Hizmetlerimiz Özel Bankacılık Kredi Kartı Biz Bize Bankacılık Biz Bize Bankacılık Biz Bize Plus Biz Bize Yabancı Bankacılık Yabancı Bankacılık Bankacılık İşlemleri Dijital Bankacılık Nasıl Müşteri Olunur? Yurt Dışı İşlemler Kampüs Kampüs Nedir? Kuveyt Türk Kampüs’e Gelenlere Toplamda 13.500 TL Hediye! Ayın Kampüslüsü’ne Özel Fırsatlar! Bir Defa Yurt Dışı Çıkış Harcın Kampüs'ten! Eğitim Harcamalarında Sağlam Avantaj: 5 Taksit Fırsatı! Kampüs’le Finansı Keşfet! Sağlam Kart Kampüs'e Başvur! Yakı
Kuveyt Türk,https://www.kuveytturk.com.tr/kendim-icin/finansmanlar/konut-finansmanlari/konut-finansmani,Konut Finansmanı | Kuveyt Türk Katılım Bankası,Finansman,,,Konut Finansmanı | Kuveyt Türk Katılım Bankası Hakkımızda Finans Portalı Özel Bankacılık Yatırımcı İlişkileri Şube ve ATM’ler Dijital Bankacılık Ürün ve Hizmet Ücretleri English العربية Search Kendim İçin Ana Sayfa Finansmanlar Konut Finansmanları Araç Finansmanları Alışveriş Finansmanları İhtiyaç Finansmanları Sürdürülebilir Finansmanlar Hesaplar Cari Hesaplar Katılma Hesapları Altın Hesapları Yatırım Hesabı Diğer Kıymetli Maden Hesapları IBAN Sorgulama TMSF Güvencesi Kartlar Kredi Kartları Banka Kartları Kartlarımızın Ortak Özellikleri Harcama İtirazı (Chargeback) Nasıl Yapılır? Kart Karşılaştırma Ödemeler ve Hizmetler Diğer Hizmetler Ödemeler Sigorta ve Emeklilik Faizsiz Sigortacılık Nedir? Hayat Sigortaları Elementer Sigortalar Emeklilik Sağlık Sigortaları Yatırım Ürünleri Hazine Ürünleri Sermaye Piyasası Ürünleri Fonum Ne Getirdi? Yatırım Rehberim Altın Bankacılığı Altın Hesapları Altın Günleri Kuyumcular Aracılığı ile Altın Toplama Canlı Altın Fiyatları Özel Bankacılık Size Özel Hizmetlerimiz Özel Bankacılık Kredi Kartı Biz Bize Bankacılık Biz Bize Bankacılık Biz Bize Plus Biz Bize Yabancı Bankacılık Yabancı Bankacılık Bankacılık İşlemleri Dijital Bankacılık Nasıl Müşteri Olunur? Yurt Dışı İşlemler Kampüs Kampüs Nedir? Kuveyt Türk Kampüs’e Gelenlere Toplamda 13.500 TL Hediye! Ayın Kampüslüsü’ne Özel Fırsatlar! Bir Defa Yurt Dışı Çıkış Harcın Kampüs'ten! Eğitim Harcamalarında Sağlam Avantaj: 5 Taksit Fırsatı! Kampüs’le Finansı Keşfet! Sağlam Kart Kampüs'e Başvur! Yakınla
Kuveyt Türk,https://www.kuveytturk.com.tr/kendim-icin/finansmanlar/surdurulebilir-finansmanlar,Sürdürülebilir Finansmanlar | Kuveyt Türk Katılım Bankası,Finansman,,,Sürdürülebilir Finansmanlar | Kuveyt Türk Katılım Bankası Hakkımızda Finans Portalı Özel Bankacılık Yatırımcı İlişkileri Şube ve ATM’ler Dijital Bankacılık Ürün ve Hizmet Ücretleri English العربية Search Kendim İçin Ana Sayfa Finansmanlar Konut Finansmanları Araç Finansmanları Alışveriş Finansmanları İhtiyaç Finansmanları Sürdürülebilir Finansmanlar Hesaplar Cari Hesaplar Katılma Hesapları Altın Hesapları Yatırım Hesabı Diğer Kıymetli Maden Hesapları IBAN Sorgulama TMSF Güvencesi Kartlar Kredi Kartları Banka Kartları Kartlarımızın Ortak Özellikleri Harcama İtirazı (Chargeback) Nasıl Yapılır? Kart Karşılaştırma Ödemeler ve Hizmetler Diğer Hizmetler Ödemeler Sigorta ve Emeklilik Faizsiz Sigortacılık Nedir? Hayat Sigortaları Elementer Sigortalar Emeklilik Sağlık Sigortaları Yatırım Ürünleri Hazine Ürünleri Sermaye Piyasası Ürünleri Fonum Ne Getirdi? Yatırım Rehberim Altın Bankacılığı Altın Hesapları Altın Günleri Kuyumcular Aracılığı ile Altın Toplama Canlı Altın Fiyatları Özel Bankacılık Size Özel Hizmetlerimiz Özel Bankacılık Kredi Kartı Biz Bize Bankacılık Biz Bize Bankacılık Biz Bize Plus Biz Bize Yabancı Bankacılık Yabancı Bankacılık Bankacılık İşlemleri Dijital Bankacılık Nasıl Müşteri Olunur? Yurt Dışı İşlemler Kampüs Kampüs Nedir? Kuveyt Türk Kampüs’e Gelenlere Toplamda 13.500 TL Hediye! Ayın Kampüslüsü’ne Özel Fırsatlar! Bir Defa Yurt Dışı Çıkış Harcın Kampüs'ten! Eğitim Harcamalarında Sağlam Avantaj: 5 Taksit Fırsatı! Kampüs’le Finansı Keşfet! Sağlam Kart Kampüs'e Başv
Kuveyt Türk,https://www.kuveytturk.com.tr/kendim-icin/hesaplar,Hesaplar | Kuveyt Türk Katılım Bankası,Hesap,,,Hesaplar | Kuveyt Türk Katılım Bankası Hakkımızda Finans Portalı Özel Bankacılık Yatırımcı İlişkileri Şube ve ATM’ler Dijital Bankacılık Ürün ve Hizmet Ücretleri English العربية Search Kendim İçin Ana Sayfa Finansmanlar Konut Finansmanları Araç Finansmanları Alışveriş Finansmanları İhtiyaç Finansmanları Sürdürülebilir Finansmanlar Hesaplar Cari Hesaplar Katılma Hesapları Altın Hesapları Yatırım Hesabı Diğer Kıymetli Maden Hesapları IBAN Sorgulama TMSF Güvencesi Kartlar Kredi Kartları Banka Kartları Kartlarımızın Ortak Özellikleri Harcama İtirazı (Chargeback) Nasıl Yapılır? Kart Karşılaştırma Ödemeler ve Hizmetler Diğer Hizmetler Ödemeler Sigorta ve Emeklilik Faizsiz Sigortacılık Nedir? Hayat Sigortaları Elementer Sigortalar Emeklilik Sağlık Sigortaları Yatırım Ürünleri Hazine Ürünleri Sermaye Piyasası Ürünleri Fonum Ne Getirdi? Yatırım Rehberim Altın Bankacılığı Altın Hesapları Altın Günleri Kuyumcular Aracılığı ile Altın Toplama Canlı Altın Fiyatları Özel Bankacılık Size Özel Hizmetlerimiz Özel Bankacılık Kredi Kartı Biz Bize Bankacılık Biz Bize Bankacılık Biz Bize Plus Biz Bize Yabancı Bankacılık Yabancı Bankacılık Bankacılık İşlemleri Dijital Bankacılık Nasıl Müşteri Olunur? Yurt Dışı İşlemler Kampüs Kampüs Nedir? Kuveyt Türk Kampüs’e Gelenlere Toplamda 13.500 TL Hediye! Ayın Kampüslüsü’ne Özel Fırsatlar! Bir Defa Yurt Dışı Çıkış Harcın Kampüs'ten! Eğitim Harcamalarında Sağlam Avantaj: 5 Taksit Fırsatı! Kampüs’le Finansı Keşfet! Sağlam Kart Kampüs'e Başvur! Yakınlarını Get
Kuveyt Türk,https://www.kuveytturk.com.tr/kendim-icin/hesaplar/altin-hesaplari,Altın Hesapları | Kuveyt Türk Katılım Bankası,Hesap,,,Altın Hesapları | Kuveyt Türk Katılım Bankası Hakkımızda Finans Portalı Özel Bankacılık Yatırımcı İlişkileri Şube ve ATM’ler Dijital Bankacılık Ürün ve Hizmet Ücretleri English العربية Search Kendim İçin Ana Sayfa Finansmanlar Konut Finansmanları Araç Finansmanları Alışveriş Finansmanları İhtiyaç Finansmanları Sürdürülebilir Finansmanlar Hesaplar Cari Hesaplar Katılma Hesapları Altın Hesapları Yatırım Hesabı Diğer Kıymetli Maden Hesapları IBAN Sorgulama TMSF Güvencesi Kartlar Kredi Kartları Banka Kartları Kartlarımızın Ortak Özellikleri Harcama İtirazı (Chargeback) Nasıl Yapılır? Kart Karşılaştırma Ödemeler ve Hizmetler Diğer Hizmetler Ödemeler Sigorta ve Emeklilik Faizsiz Sigortacılık Nedir? Hayat Sigortaları Elementer Sigortalar Emeklilik Sağlık Sigortaları Yatırım Ürünleri Hazine Ürünleri Sermaye Piyasası Ürünleri Fonum Ne Getirdi? Yatırım Rehberim Altın Bankacılığı Altın Hesapları Altın Günleri Kuyumcular Aracılığı ile Altın Toplama Canlı Altın Fiyatları Özel Bankacılık Size Özel Hizmetlerimiz Özel Bankacılık Kredi Kartı Biz Bize Bankacılık Biz Bize Bankacılık Biz Bize Plus Biz Bize Yabancı Bankacılık Yabancı Bankacılık Bankacılık İşlemleri Dijital Bankacılık Nasıl Müşteri Olunur? Yurt Dışı İşlemler Kampüs Kampüs Nedir? Kuveyt Türk Kampüs’e Gelenlere Toplamda 13.500 TL Hediye! Ayın Kampüslüsü’ne Özel Fırsatlar! Bir Defa Yurt Dışı Çıkış Harcın Kampüs'ten! Eğitim Harcamalarında Sağlam Avantaj: 5 Taksit Fırsatı! Kampüs’le Finansı Keşfet! Sağlam Kart Kampüs'e Başvur! Yakınlar
Kuveyt Türk,https://www.kuveytturk.com.tr/kendim-icin/hesaplar/cari-hesaplar,Cari Hesaplar | Kuveyt Türk Katılım Bankası,Hesap,,,Cari Hesaplar | Kuveyt Türk Katılım Bankası Hakkımızda Finans Portalı Özel Bankacılık Yatırımcı İlişkileri Şube ve ATM’ler Dijital Bankacılık Ürün ve Hizmet Ücretleri English العربية Search Kendim İçin Ana Sayfa Finansmanlar Konut Finansmanları Araç Finansmanları Alışveriş Finansmanları İhtiyaç Finansmanları Sürdürülebilir Finansmanlar Hesaplar Cari Hesaplar Katılma Hesapları Altın Hesapları Yatırım Hesabı Diğer Kıymetli Maden Hesapları IBAN Sorgulama TMSF Güvencesi Kartlar Kredi Kartları Banka Kartları Kartlarımızın Ortak Özellikleri Harcama İtirazı (Chargeback) Nasıl Yapılır? Kart Karşılaştırma Ödemeler ve Hizmetler Diğer Hizmetler Ödemeler Sigorta ve Emeklilik Faizsiz Sigortacılık Nedir? Hayat Sigortaları Elementer Sigortalar Emeklilik Sağlık Sigortaları Yatırım Ürünleri Hazine Ürünleri Sermaye Piyasası Ürünleri Fonum Ne Getirdi? Yatırım Rehberim Altın Bankacılığı Altın Hesapları Altın Günleri Kuyumcular Aracılığı ile Altın Toplama Canlı Altın Fiyatları Özel Bankacılık Size Özel Hizmetlerimiz Özel Bankacılık Kredi Kartı Biz Bize Bankacılık Biz Bize Bankacılık Biz Bize Plus Biz Bize Yabancı Bankacılık Yabancı Bankacılık Bankacılık İşlemleri Dijital Bankacılık Nasıl Müşteri Olunur? Yurt Dışı İşlemler Kampüs Kampüs Nedir? Kuveyt Türk Kampüs’e Gelenlere Toplamda 13.500 TL Hediye! Ayın Kampüslüsü’ne Özel Fırsatlar! Bir Defa Yurt Dışı Çıkış Harcın Kampüs'ten! Eğitim Harcamalarında Sağlam Avantaj: 5 Taksit Fırsatı! Kampüs’le Finansı Keşfet! Sağlam Kart Kampüs'e Başvur! Yakınların
Kuveyt Türk,https://www.kuveytturk.com.tr/kendim-icin/hesaplar/diger-kiymetli-maden-hesaplari,Diğer Kıymetli Maden Hesapları | Kuveyt Türk Katılım Bankası,Hesap,,,Diğer Kıymetli Maden Hesapları | Kuveyt Türk Katılım Bankası Hakkımızda Finans Portalı Özel Bankacılık Yatırımcı İlişkileri Şube ve ATM’ler Dijital Bankacılık Ürün ve Hizmet Ücretleri English العربية Search Kendim İçin Ana Sayfa Finansmanlar Konut Finansmanları Araç Finansmanları Alışveriş Finansmanları İhtiyaç Finansmanları Sürdürülebilir Finansmanlar Hesaplar Cari Hesaplar Katılma Hesapları Altın Hesapları Yatırım Hesabı Diğer Kıymetli Maden Hesapları IBAN Sorgulama TMSF Güvencesi Kartlar Kredi Kartları Banka Kartları Kartlarımızın Ortak Özellikleri Harcama İtirazı (Chargeback) Nasıl Yapılır? Kart Karşılaştırma Ödemeler ve Hizmetler Diğer Hizmetler Ödemeler Sigorta ve Emeklilik Faizsiz Sigortacılık Nedir? Hayat Sigortaları Elementer Sigortalar Emeklilik Sağlık Sigortaları Yatırım Ürünleri Hazine Ürünleri Sermaye Piyasası Ürünleri Fonum Ne Getirdi? Yatırım Rehberim Altın Bankacılığı Altın Hesapları Altın Günleri Kuyumcular Aracılığı ile Altın Toplama Canlı Altın Fiyatları Özel Bankacılık Size Özel Hizmetlerimiz Özel Bankacılık Kredi Kartı Biz Bize Bankacılık Biz Bize Bankacılık Biz Bize Plus Biz Bize Yabancı Bankacılık Yabancı Bankacılık Bankacılık İşlemleri Dijital Bankacılık Nasıl Müşteri Olunur? Yurt Dışı İşlemler Kampüs Kampüs Nedir? Kuveyt Türk Kampüs’e Gelenlere Toplamda 13.500 TL Hediye! Ayın Kampüslüsü’ne Özel Fırsatlar! Bir Defa Yurt Dışı Çıkış Harcın Kampüs'ten! Eğitim Harcamalarında Sağlam Avantaj: 5 Taksit Fırsatı! Kampüs’le Finansı Keşfet! Sağlam Kart Kampüs'e B
Kuveyt Türk,https://www.kuveytturk.com.tr/kendim-icin/hesaplar/iban-sorgulama,IBAN Sorgulama | Kuveyt Türk Katılım Bankası,Hesap,,,IBAN Sorgulama | Kuveyt Türk Katılım Bankası Hakkımızda Finans Portalı Özel Bankacılık Yatırımcı İlişkileri Şube ve ATM’ler Dijital Bankacılık Ürün ve Hizmet Ücretleri English العربية Search Kendim İçin Ana Sayfa Finansmanlar Konut Finansmanları Araç Finansmanları Alışveriş Finansmanları İhtiyaç Finansmanları Sürdürülebilir Finansmanlar Hesaplar Cari Hesaplar Katılma Hesapları Altın Hesapları Yatırım Hesabı Diğer Kıymetli Maden Hesapları IBAN Sorgulama TMSF Güvencesi Kartlar Kredi Kartları Banka Kartları Kartlarımızın Ortak Özellikleri Harcama İtirazı (Chargeback) Nasıl Yapılır? Kart Karşılaştırma Ödemeler ve Hizmetler Diğer Hizmetler Ödemeler Sigorta ve Emeklilik Faizsiz Sigortacılık Nedir? Hayat Sigortaları Elementer Sigortalar Emeklilik Sağlık Sigortaları Yatırım Ürünleri Hazine Ürünleri Sermaye Piyasası Ürünleri Fonum Ne Getirdi? Yatırım Rehberim Altın Bankacılığı Altın Hesapları Altın Günleri Kuyumcular Aracılığı ile Altın Toplama Canlı Altın Fiyatları Özel Bankacılık Size Özel Hizmetlerimiz Özel Bankacılık Kredi Kartı Biz Bize Bankacılık Biz Bize Bankacılık Biz Bize Plus Biz Bize Yabancı Bankacılık Yabancı Bankacılık Bankacılık İşlemleri Dijital Bankacılık Nasıl Müşteri Olunur? Yurt Dışı İşlemler Kampüs Kampüs Nedir? Kuveyt Türk Kampüs’e Gelenlere Toplamda 13.500 TL Hediye! Ayın Kampüslüsü’ne Özel Fırsatlar! Bir Defa Yurt Dışı Çıkış Harcın Kampüs'ten! Eğitim Harcamalarında Sağlam Avantaj: 5 Taksit Fırsatı! Kampüs’le Finansı Keşfet! Sağlam Kart Kampüs'e Başvur! Yakınları
Kuveyt Türk,https://www.kuveytturk.com.tr/kendim-icin/hesaplar/katilma-hesaplari,Katılma Hesapları | Kuveyt Türk Katılım Bankası,Hesap,,,Katılma Hesapları | Kuveyt Türk Katılım Bankası Hakkımızda Finans Portalı Özel Bankacılık Yatırımcı İlişkileri Şube ve ATM’ler Dijital Bankacılık Ürün ve Hizmet Ücretleri English العربية Search Kendim İçin Ana Sayfa Finansmanlar Konut Finansmanları Araç Finansmanları Alışveriş Finansmanları İhtiyaç Finansmanları Sürdürülebilir Finansmanlar Hesaplar Cari Hesaplar Katılma Hesapları Altın Hesapları Yatırım Hesabı Diğer Kıymetli Maden Hesapları IBAN Sorgulama TMSF Güvencesi Kartlar Kredi Kartları Banka Kartları Kartlarımızın Ortak Özellikleri Harcama İtirazı (Chargeback) Nasıl Yapılır? Kart Karşılaştırma Ödemeler ve Hizmetler Diğer Hizmetler Ödemeler Sigorta ve Emeklilik Faizsiz Sigortacılık Nedir? Hayat Sigortaları Elementer Sigortalar Emeklilik Sağlık Sigortaları Yatırım Ürünleri Hazine Ürünleri Sermaye Piyasası Ürünleri Fonum Ne Getirdi? Yatırım Rehberim Altın Bankacılığı Altın Hesapları Altın Günleri Kuyumcular Aracılığı ile Altın Toplama Canlı Altın Fiyatları Özel Bankacılık Size Özel Hizmetlerimiz Özel Bankacılık Kredi Kartı Biz Bize Bankacılık Biz Bize Bankacılık Biz Bize Plus Biz Bize Yabancı Bankacılık Yabancı Bankacılık Bankacılık İşlemleri Dijital Bankacılık Nasıl Müşteri Olunur? Yurt Dışı İşlemler Kampüs Kampüs Nedir? Kuveyt Türk Kampüs’e Gelenlere Toplamda 13.500 TL Hediye! Ayın Kampüslüsü’ne Özel Fırsatlar! Bir Defa Yurt Dışı Çıkış Harcın Kampüs'ten! Eğitim Harcamalarında Sağlam Avantaj: 5 Taksit Fırsatı! Kampüs’le Finansı Keşfet! Sağlam Kart Kampüs'e Başvur! Yakınl
Kuveyt Türk,https://www.kuveytturk.com.tr/kendim-icin/hesaplar/katilma-hesaplari/sepet-hesap,Sepet Hesap | Kuveyt Türk Katılım Bankası,Hesap,,,Sepet Hesap | Kuveyt Türk Katılım Bankası Hakkımızda Finans Portalı Özel Bankacılık Yatırımcı İlişkileri Şube ve ATM’ler Dijital Bankacılık Ürün ve Hizmet Ücretleri English العربية Search Kendim İçin Ana Sayfa Finansmanlar Konut Finansmanları Araç Finansmanları Alışveriş Finansmanları İhtiyaç Finansmanları Sürdürülebilir Finansmanlar Hesaplar Cari Hesaplar Katılma Hesapları Altın Hesapları Yatırım Hesabı Diğer Kıymetli Maden Hesapları IBAN Sorgulama TMSF Güvencesi Kartlar Kredi Kartları Banka Kartları Kartlarımızın Ortak Özellikleri Harcama İtirazı (Chargeback) Nasıl Yapılır? Kart Karşılaştırma Ödemeler ve Hizmetler Diğer Hizmetler Ödemeler Sigorta ve Emeklilik Faizsiz Sigortacılık Nedir? Hayat Sigortaları Elementer Sigortalar Emeklilik Sağlık Sigortaları Yatırım Ürünleri Hazine Ürünleri Sermaye Piyasası Ürünleri Fonum Ne Getirdi? Yatırım Rehberim Altın Bankacılığı Altın Hesapları Altın Günleri Kuyumcular Aracılığı ile Altın Toplama Canlı Altın Fiyatları Özel Bankacılık Size Özel Hizmetlerimiz Özel Bankacılık Kredi Kartı Biz Bize Bankacılık Biz Bize Bankacılık Biz Bize Plus Biz Bize Yabancı Bankacılık Yabancı Bankacılık Bankacılık İşlemleri Dijital Bankacılık Nasıl Müşteri Olunur? Yurt Dışı İşlemler Kampüs Kampüs Nedir? Kuveyt Türk Kampüs’e Gelenlere Toplamda 13.500 TL Hediye! Ayın Kampüslüsü’ne Özel Fırsatlar! Bir Defa Yurt Dışı Çıkış Harcın Kampüs'ten! Eğitim Harcamalarında Sağlam Avantaj: 5 Taksit Fırsatı! Kampüs’le Finansı Keşfet! Sağlam Kart Kampüs'e Başvur! Yakınlarını 
Kuveyt Türk,https://www.kuveytturk.com.tr/kendim-icin/hesaplar/tmsf-guvencesi,TMSF Güvencesi | Kuveyt Türk Katılım Bankası,Hesap,,,TMSF Güvencesi | Kuveyt Türk Katılım Bankası Hakkımızda Finans Portalı Özel Bankacılık Yatırımcı İlişkileri Şube ve ATM’ler Dijital Bankacılık Ürün ve Hizmet Ücretleri English العربية Search Kendim İçin Ana Sayfa Finansmanlar Konut Finansmanları Araç Finansmanları Alışveriş Finansmanları İhtiyaç Finansmanları Sürdürülebilir Finansmanlar Hesaplar Cari Hesaplar Katılma Hesapları Altın Hesapları Yatırım Hesabı Diğer Kıymetli Maden Hesapları IBAN Sorgulama TMSF Güvencesi Kartlar Kredi Kartları Banka Kartları Kartlarımızın Ortak Özellikleri Harcama İtirazı (Chargeback) Nasıl Yapılır? Kart Karşılaştırma Ödemeler ve Hizmetler Diğer Hizmetler Ödemeler Sigorta ve Emeklilik Faizsiz Sigortacılık Nedir? Hayat Sigortaları Elementer Sigortalar Emeklilik Sağlık Sigortaları Yatırım Ürünleri Hazine Ürünleri Sermaye Piyasası Ürünleri Fonum Ne Getirdi? Yatırım Rehberim Altın Bankacılığı Altın Hesapları Altın Günleri Kuyumcular Aracılığı ile Altın Toplama Canlı Altın Fiyatları Özel Bankacılık Size Özel Hizmetlerimiz Özel Bankacılık Kredi Kartı Biz Bize Bankacılık Biz Bize Bankacılık Biz Bize Plus Biz Bize Yabancı Bankacılık Yabancı Bankacılık Bankacılık İşlemleri Dijital Bankacılık Nasıl Müşteri Olunur? Yurt Dışı İşlemler Kampüs Kampüs Nedir? Kuveyt Türk Kampüs’e Gelenlere Toplamda 13.500 TL Hediye! Ayın Kampüslüsü’ne Özel Fırsatlar! Bir Defa Yurt Dışı Çıkış Harcın Kampüs'ten! Eğitim Harcamalarında Sağlam Avantaj: 5 Taksit Fırsatı! Kampüs’le Finansı Keşfet! Sağlam Kart Kampüs'e Başvur! Yakınları
Kuveyt Türk,https://www.kuveytturk.com.tr/kendim-icin/hesaplar/yatirim-hesabi,Yatırım Hesabı | Kuveyt Türk Katılım Bankası,Hesap,,,Yatırım Hesabı | Kuveyt Türk Katılım Bankası Hakkımızda Finans Portalı Özel Bankacılık Yatırımcı İlişkileri Şube ve ATM’ler Dijital Bankacılık Ürün ve Hizmet Ücretleri English العربية Search Kendim İçin Ana Sayfa Finansmanlar Konut Finansmanları Araç Finansmanları Alışveriş Finansmanları İhtiyaç Finansmanları Sürdürülebilir Finansmanlar Hesaplar Cari Hesaplar Katılma Hesapları Altın Hesapları Yatırım Hesabı Diğer Kıymetli Maden Hesapları IBAN Sorgulama TMSF Güvencesi Kartlar Kredi Kartları Banka Kartları Kartlarımızın Ortak Özellikleri Harcama İtirazı (Chargeback) Nasıl Yapılır? Kart Karşılaştırma Ödemeler ve Hizmetler Diğer Hizmetler Ödemeler Sigorta ve Emeklilik Faizsiz Sigortacılık Nedir? Hayat Sigortaları Elementer Sigortalar Emeklilik Sağlık Sigortaları Yatırım Ürünleri Hazine Ürünleri Sermaye Piyasası Ürünleri Fonum Ne Getirdi? Yatırım Rehberim Altın Bankacılığı Altın Hesapları Altın Günleri Kuyumcular Aracılığı ile Altın Toplama Canlı Altın Fiyatları Özel Bankacılık Size Özel Hizmetlerimiz Özel Bankacılık Kredi Kartı Biz Bize Bankacılık Biz Bize Bankacılık Biz Bize Plus Biz Bize Yabancı Bankacılık Yabancı Bankacılık Bankacılık İşlemleri Dijital Bankacılık Nasıl Müşteri Olunur? Yurt Dışı İşlemler Kampüs Kampüs Nedir? Kuveyt Türk Kampüs’e Gelenlere Toplamda 13.500 TL Hediye! Ayın Kampüslüsü’ne Özel Fırsatlar! Bir Defa Yurt Dışı Çıkış Harcın Kampüs'ten! Eğitim Harcamalarında Sağlam Avantaj: 5 Taksit Fırsatı! Kampüs’le Finansı Keşfet! Sağlam Kart Kampüs'e Başvur! Yakınları
Kuveyt Türk,https://www.kuveytturk.com.tr/kendim-icin/kampus/e-ticarette-altin-kazandiran-kampanya,E-Ticarette Altın Kazandıran Kampanya | Kuveyt Türk Katılım Bankası,Kampanya,,,E-Ticarette Altın Kazandıran Kampanya | Kuveyt Türk Katılım Bankası Hakkımızda Finans Portalı Özel Bankacılık Yatırımcı İlişkileri Şube ve ATM’ler Dijital Bankacılık Ürün ve Hizmet Ücretleri English العربية Search Kendim İçin Ana Sayfa Finansmanlar Konut Finansmanları Araç Finansmanları Alışveriş Finansmanları İhtiyaç Finansmanları Sürdürülebilir Finansmanlar Hesaplar Cari Hesaplar Katılma Hesapları Altın Hesapları Yatırım Hesabı Diğer Kıymetli Maden Hesapları IBAN Sorgulama TMSF Güvencesi Kartlar Kredi Kartları Banka Kartları Kartlarımızın Ortak Özellikleri Harcama İtirazı (Chargeback) Nasıl Yapılır? Kart Karşılaştırma Ödemeler ve Hizmetler Diğer Hizmetler Ödemeler Sigorta ve Emeklilik Faizsiz Sigortacılık Nedir? Hayat Sigortaları Elementer Sigortalar Emeklilik Sağlık Sigortaları Yatırım Ürünleri Hazine Ürünleri Sermaye Piyasası Ürünleri Fonum Ne Getirdi? Yatırım Rehberim Altın Bankacılığı Altın Hesapları Altın Günleri Kuyumcular Aracılığı ile Altın Toplama Canlı Altın Fiyatları Özel Bankacılık Size Özel Hizmetlerimiz Özel Bankacılık Kredi Kartı Biz Bize Bankacılık Biz Bize Bankacılık Biz Bize Plus Biz Bize Yabancı Bankacılık Yabancı Bankacılık Bankacılık İşlemleri Dijital Bankacılık Nasıl Müşteri Olunur? Yurt Dışı İşlemler Kampüs Kampüs Nedir? Kuveyt Türk Kampüs’e Gelenlere Toplamda 13.500 TL Hediye! Ayın Kampüslüsü’ne Özel Fırsatlar! Bir Defa Yurt Dışı Çıkış Harcın Kampüs'ten! Eğitim Harcamalarında Sağlam Avantaj: 5 Taksit Fırsatı! Kampüs’le Finansı Keşfet! Sağlam Kart Kam
Kuveyt Türk,https://www.kuveytturk.com.tr/kendim-icin/kampus/saglam-kart-kampuse-basvur,Sağlam Kart Kampüs'e Başvur! | Kuveyt Türk Katılım Bankası,Kart,,,Sağlam Kart Kampüs'e Başvur! | Kuveyt Türk Katılım Bankası Hakkımızda Finans Portalı Özel Bankacılık Yatırımcı İlişkileri Şube ve ATM’ler Dijital Bankacılık Ürün ve Hizmet Ücretleri English العربية Search Kendim İçin Ana Sayfa Finansmanlar Konut Finansmanları Araç Finansmanları Alışveriş Finansmanları İhtiyaç Finansmanları Sürdürülebilir Finansmanlar Hesaplar Cari Hesaplar Katılma Hesapları Altın Hesapları Yatırım Hesabı Diğer Kıymetli Maden Hesapları IBAN Sorgulama TMSF Güvencesi Kartlar Kredi Kartları Banka Kartları Kartlarımızın Ortak Özellikleri Harcama İtirazı (Chargeback) Nasıl Yapılır? Kart Karşılaştırma Ödemeler ve Hizmetler Diğer Hizmetler Ödemeler Sigorta ve Emeklilik Faizsiz Sigortacılık Nedir? Hayat Sigortaları Elementer Sigortalar Emeklilik Sağlık Sigortaları Yatırım Ürünleri Hazine Ürünleri Sermaye Piyasası Ürünleri Fonum Ne Getirdi? Yatırım Rehberim Altın Bankacılığı Altın Hesapları Altın Günleri Kuyumcular Aracılığı ile Altın Toplama Canlı Altın Fiyatları Özel Bankacılık Size Özel Hizmetlerimiz Özel Bankacılık Kredi Kartı Biz Bize Bankacılık Biz Bize Bankacılık Biz Bize Plus Biz Bize Yabancı Bankacılık Yabancı Bankacılık Bankacılık İşlemleri Dijital Bankacılık Nasıl Müşteri Olunur? Yurt Dışı İşlemler Kampüs Kampüs Nedir? Kuveyt Türk Kampüs’e Gelenlere Toplamda 13.500 TL Hediye! Ayın Kampüslüsü’ne Özel Fırsatlar! Bir Defa Yurt Dışı Çıkış Harcın Kampüs'ten! Eğitim Harcamalarında Sağlam Avantaj: 5 Taksit Fırsatı! Kampüs’le Finansı Keşfet! Sağlam Kart Kampüs'e Baş
Kuveyt Türk,https://www.kuveytturk.com.tr/kendim-icin/kartlar,Kartlar | Kuveyt Türk Katılım Bankası,Kart,,,Kartlar | Kuveyt Türk Katılım Bankası Hakkımızda Finans Portalı Özel Bankacılık Yatırımcı İlişkileri Şube ve ATM’ler Dijital Bankacılık Ürün ve Hizmet Ücretleri English العربية Search Kendim İçin Ana Sayfa Finansmanlar Konut Finansmanları Araç Finansmanları Alışveriş Finansmanları İhtiyaç Finansmanları Sürdürülebilir Finansmanlar Hesaplar Cari Hesaplar Katılma Hesapları Altın Hesapları Yatırım Hesabı Diğer Kıymetli Maden Hesapları IBAN Sorgulama TMSF Güvencesi Kartlar Kredi Kartları Banka Kartları Kartlarımızın Ortak Özellikleri Harcama İtirazı (Chargeback) Nasıl Yapılır? Kart Karşılaştırma Ödemeler ve Hizmetler Diğer Hizmetler Ödemeler Sigorta ve Emeklilik Faizsiz Sigortacılık Nedir? Hayat Sigortaları Elementer Sigortalar Emeklilik Sağlık Sigortaları Yatırım Ürünleri Hazine Ürünleri Sermaye Piyasası Ürünleri Fonum Ne Getirdi? Yatırım Rehberim Altın Bankacılığı Altın Hesapları Altın Günleri Kuyumcular Aracılığı ile Altın Toplama Canlı Altın Fiyatları Özel Bankacılık Size Özel Hizmetlerimiz Özel Bankacılık Kredi Kartı Biz Bize Bankacılık Biz Bize Bankacılık Biz Bize Plus Biz Bize Yabancı Bankacılık Yabancı Bankacılık Bankacılık İşlemleri Dijital Bankacılık Nasıl Müşteri Olunur? Yurt Dışı İşlemler Kampüs Kampüs Nedir? Kuveyt Türk Kampüs’e Gelenlere Toplamda 13.500 TL Hediye! Ayın Kampüslüsü’ne Özel Fırsatlar! Bir Defa Yurt Dışı Çıkış Harcın Kampüs'ten! Eğitim Harcamalarında Sağlam Avantaj: 5 Taksit Fırsatı! Kampüs’le Finansı Keşfet! Sağlam Kart Kampüs'e Başvur! Yakınlarını Geti
Kuveyt Türk,https://www.kuveytturk.com.tr/kendim-icin/kartlar/banka-kartlari,Banka Kartları | Kuveyt Türk Katılım Bankası,Kart,,,Banka Kartları | Kuveyt Türk Katılım Bankası Hakkımızda Finans Portalı Özel Bankacılık Yatırımcı İlişkileri Şube ve ATM’ler Dijital Bankacılık Ürün ve Hizmet Ücretleri English العربية Search Kendim İçin Ana Sayfa Finansmanlar Konut Finansmanları Araç Finansmanları Alışveriş Finansmanları İhtiyaç Finansmanları Sürdürülebilir Finansmanlar Hesaplar Cari Hesaplar Katılma Hesapları Altın Hesapları Yatırım Hesabı Diğer Kıymetli Maden Hesapları IBAN Sorgulama TMSF Güvencesi Kartlar Kredi Kartları Banka Kartları Kartlarımızın Ortak Özellikleri Harcama İtirazı (Chargeback) Nasıl Yapılır? Kart Karşılaştırma Ödemeler ve Hizmetler Diğer Hizmetler Ödemeler Sigorta ve Emeklilik Faizsiz Sigortacılık Nedir? Hayat Sigortaları Elementer Sigortalar Emeklilik Sağlık Sigortaları Yatırım Ürünleri Hazine Ürünleri Sermaye Piyasası Ürünleri Fonum Ne Getirdi? Yatırım Rehberim Altın Bankacılığı Altın Hesapları Altın Günleri Kuyumcular Aracılığı ile Altın Toplama Canlı Altın Fiyatları Özel Bankacılık Size Özel Hizmetlerimiz Özel Bankacılık Kredi Kartı Biz Bize Bankacılık Biz Bize Bankacılık Biz Bize Plus Biz Bize Yabancı Bankacılık Yabancı Bankacılık Bankacılık İşlemleri Dijital Bankacılık Nasıl Müşteri Olunur? Yurt Dışı İşlemler Kampüs Kampüs Nedir? Kuveyt Türk Kampüs’e Gelenlere Toplamda 13.500 TL Hediye! Ayın Kampüslüsü’ne Özel Fırsatlar! Bir Defa Yurt Dışı Çıkış Harcın Kampüs'ten! Eğitim Harcamalarında Sağlam Avantaj: 5 Taksit Fırsatı! Kampüs’le Finansı Keşfet! Sağlam Kart Kampüs'e Başvur! Yakınları
Kuveyt Türk,https://www.kuveytturk.com.tr/kendim-icin/kartlar/harcama-itirazi-chargeback-nasil-yapilir,Harcama İtirazı (Chargeback) Nasıl Yapılır? | Kuveyt Türk Katılım Bankası,Kart,,,Harcama İtirazı (Chargeback) Nasıl Yapılır? | Kuveyt Türk Katılım Bankası Hakkımızda Finans Portalı Özel Bankacılık Yatırımcı İlişkileri Şube ve ATM’ler Dijital Bankacılık Ürün ve Hizmet Ücretleri English العربية Search Kendim İçin Ana Sayfa Finansmanlar Konut Finansmanları Araç Finansmanları Alışveriş Finansmanları İhtiyaç Finansmanları Sürdürülebilir Finansmanlar Hesaplar Cari Hesaplar Katılma Hesapları Altın Hesapları Yatırım Hesabı Diğer Kıymetli Maden Hesapları IBAN Sorgulama TMSF Güvencesi Kartlar Kredi Kartları Banka Kartları Kartlarımızın Ortak Özellikleri Harcama İtirazı (Chargeback) Nasıl Yapılır? Kart Karşılaştırma Ödemeler ve Hizmetler Diğer Hizmetler Ödemeler Sigorta ve Emeklilik Faizsiz Sigortacılık Nedir? Hayat Sigortaları Elementer Sigortalar Emeklilik Sağlık Sigortaları Yatırım Ürünleri Hazine Ürünleri Sermaye Piyasası Ürünleri Fonum Ne Getirdi? Yatırım Rehberim Altın Bankacılığı Altın Hesapları Altın Günleri Kuyumcular Aracılığı ile Altın Toplama Canlı Altın Fiyatları Özel Bankacılık Size Özel Hizmetlerimiz Özel Bankacılık Kredi Kartı Biz Bize Bankacılık Biz Bize Bankacılık Biz Bize Plus Biz Bize Yabancı Bankacılık Yabancı Bankacılık Bankacılık İşlemleri Dijital Bankacılık Nasıl Müşteri Olunur? Yurt Dışı İşlemler Kampüs Kampüs Nedir? Kuveyt Türk Kampüs’e Gelenlere Toplamda 13.500 TL Hediye! Ayın Kampüslüsü’ne Özel Fırsatlar! Bir Defa Yurt Dışı Çıkış Harcın Kampüs'ten! Eğitim Harcamalarında Sağlam Avantaj: 5 Taksit Fırsatı! Kampüs’le Finansı Keşfet! Sağlam Ka
Kuveyt Türk,https://www.kuveytturk.com.tr/kendim-icin/kartlar/kart-karsilastirma,Kart Karşılaştırma | Kuveyt Türk Katılım Bankası,Kart,,,Kart Karşılaştırma | Kuveyt Türk Katılım Bankası Hakkımızda Finans Portalı Özel Bankacılık Yatırımcı İlişkileri Şube ve ATM’ler Dijital Bankacılık Ürün ve Hizmet Ücretleri English العربية Search Kendim İçin Ana Sayfa Finansmanlar Konut Finansmanları Araç Finansmanları Alışveriş Finansmanları İhtiyaç Finansmanları Sürdürülebilir Finansmanlar Hesaplar Cari Hesaplar Katılma Hesapları Altın Hesapları Yatırım Hesabı Diğer Kıymetli Maden Hesapları IBAN Sorgulama TMSF Güvencesi Kartlar Kredi Kartları Banka Kartları Kartlarımızın Ortak Özellikleri Harcama İtirazı (Chargeback) Nasıl Yapılır? Kart Karşılaştırma Ödemeler ve Hizmetler Diğer Hizmetler Ödemeler Sigorta ve Emeklilik Faizsiz Sigortacılık Nedir? Hayat Sigortaları Elementer Sigortalar Emeklilik Sağlık Sigortaları Yatırım Ürünleri Hazine Ürünleri Sermaye Piyasası Ürünleri Fonum Ne Getirdi? Yatırım Rehberim Altın Bankacılığı Altın Hesapları Altın Günleri Kuyumcular Aracılığı ile Altın Toplama Canlı Altın Fiyatları Özel Bankacılık Size Özel Hizmetlerimiz Özel Bankacılık Kredi Kartı Biz Bize Bankacılık Biz Bize Bankacılık Biz Bize Plus Biz Bize Yabancı Bankacılık Yabancı Bankacılık Bankacılık İşlemleri Dijital Bankacılık Nasıl Müşteri Olunur? Yurt Dışı İşlemler Kampüs Kampüs Nedir? Kuveyt Türk Kampüs’e Gelenlere Toplamda 13.500 TL Hediye! Ayın Kampüslüsü’ne Özel Fırsatlar! Bir Defa Yurt Dışı Çıkış Harcın Kampüs'ten! Eğitim Harcamalarında Sağlam Avantaj: 5 Taksit Fırsatı! Kampüs’le Finansı Keşfet! Sağlam Kart Kampüs'e Başvur! Yakın
Kuveyt Türk,https://www.kuveytturk.com.tr/kendim-icin/kartlar/kartlarimizin-ortak-ozellikleri,Kartlarımızın Ortak Özellikleri | Kuveyt Türk Katılım Bankası,Kart,,,Kartlarımızın Ortak Özellikleri | Kuveyt Türk Katılım Bankası Hakkımızda Finans Portalı Özel Bankacılık Yatırımcı İlişkileri Şube ve ATM’ler Dijital Bankacılık Ürün ve Hizmet Ücretleri English العربية Search Kendim İçin Ana Sayfa Finansmanlar Konut Finansmanları Araç Finansmanları Alışveriş Finansmanları İhtiyaç Finansmanları Sürdürülebilir Finansmanlar Hesaplar Cari Hesaplar Katılma Hesapları Altın Hesapları Yatırım Hesabı Diğer Kıymetli Maden Hesapları IBAN Sorgulama TMSF Güvencesi Kartlar Kredi Kartları Banka Kartları Kartlarımızın Ortak Özellikleri Harcama İtirazı (Chargeback) Nasıl Yapılır? Kart Karşılaştırma Ödemeler ve Hizmetler Diğer Hizmetler Ödemeler Sigorta ve Emeklilik Faizsiz Sigortacılık Nedir? Hayat Sigortaları Elementer Sigortalar Emeklilik Sağlık Sigortaları Yatırım Ürünleri Hazine Ürünleri Sermaye Piyasası Ürünleri Fonum Ne Getirdi? Yatırım Rehberim Altın Bankacılığı Altın Hesapları Altın Günleri Kuyumcular Aracılığı ile Altın Toplama Canlı Altın Fiyatları Özel Bankacılık Size Özel Hizmetlerimiz Özel Bankacılık Kredi Kartı Biz Bize Bankacılık Biz Bize Bankacılık Biz Bize Plus Biz Bize Yabancı Bankacılık Yabancı Bankacılık Bankacılık İşlemleri Dijital Bankacılık Nasıl Müşteri Olunur? Yurt Dışı İşlemler Kampüs Kampüs Nedir? Kuveyt Türk Kampüs’e Gelenlere Toplamda 13.500 TL Hediye! Ayın Kampüslüsü’ne Özel Fırsatlar! Bir Defa Yurt Dışı Çıkış Harcın Kampüs'ten! Eğitim Harcamalarında Sağlam Avantaj: 5 Taksit Fırsatı! Kampüs’le Finansı Keşfet! Sağlam Kart Kampüs'e 
Kuveyt Türk,https://www.kuveytturk.com.tr/kendim-icin/kartlar/kredi-karti,Kredi Kartları | Kuveyt Türk Katılım Bankası,Kart,,,Kredi Kartları | Kuveyt Türk Katılım Bankası Hakkımızda Finans Portalı Özel Bankacılık Yatırımcı İlişkileri Şube ve ATM’ler Dijital Bankacılık Ürün ve Hizmet Ücretleri English العربية Search Kendim İçin Ana Sayfa Finansmanlar Konut Finansmanları Araç Finansmanları Alışveriş Finansmanları İhtiyaç Finansmanları Sürdürülebilir Finansmanlar Hesaplar Cari Hesaplar Katılma Hesapları Altın Hesapları Yatırım Hesabı Diğer Kıymetli Maden Hesapları IBAN Sorgulama TMSF Güvencesi Kartlar Kredi Kartları Banka Kartları Kartlarımızın Ortak Özellikleri Harcama İtirazı (Chargeback) Nasıl Yapılır? Kart Karşılaştırma Ödemeler ve Hizmetler Diğer Hizmetler Ödemeler Sigorta ve Emeklilik Faizsiz Sigortacılık Nedir? Hayat Sigortaları Elementer Sigortalar Emeklilik Sağlık Sigortaları Yatırım Ürünleri Hazine Ürünleri Sermaye Piyasası Ürünleri Fonum Ne Getirdi? Yatırım Rehberim Altın Bankacılığı Altın Hesapları Altın Günleri Kuyumcular Aracılığı ile Altın Toplama Canlı Altın Fiyatları Özel Bankacılık Size Özel Hizmetlerimiz Özel Bankacılık Kredi Kartı Biz Bize Bankacılık Biz Bize Bankacılık Biz Bize Plus Biz Bize Yabancı Bankacılık Yabancı Bankacılık Bankacılık İşlemleri Dijital Bankacılık Nasıl Müşteri Olunur? Yurt Dışı İşlemler Kampüs Kampüs Nedir? Kuveyt Türk Kampüs’e Gelenlere Toplamda 13.500 TL Hediye! Ayın Kampüslüsü’ne Özel Fırsatlar! Bir Defa Yurt Dışı Çıkış Harcın Kampüs'ten! Eğitim Harcamalarında Sağlam Avantaj: 5 Taksit Fırsatı! Kampüs’le Finansı Keşfet! Sağlam Kart Kampüs'e Başvur! Yakınları
Kuveyt Türk,https://www.kuveytturk.com.tr/kendim-icin/kartlar/kredi-karti/saglam-kart,Sağlam Kart | Kuveyt Türk Katılım Bankası,Kart,,,Sağlam Kart | Kuveyt Türk Katılım Bankası Hakkımızda Finans Portalı Özel Bankacılık Yatırımcı İlişkileri Şube ve ATM’ler Dijital Bankacılık Ürün ve Hizmet Ücretleri English العربية Search Kendim İçin Ana Sayfa Finansmanlar Konut Finansmanları Araç Finansmanları Alışveriş Finansmanları İhtiyaç Finansmanları Sürdürülebilir Finansmanlar Hesaplar Cari Hesaplar Katılma Hesapları Altın Hesapları Yatırım Hesabı Diğer Kıymetli Maden Hesapları IBAN Sorgulama TMSF Güvencesi Kartlar Kredi Kartları Banka Kartları Kartlarımızın Ortak Özellikleri Harcama İtirazı (Chargeback) Nasıl Yapılır? Kart Karşılaştırma Ödemeler ve Hizmetler Diğer Hizmetler Ödemeler Sigorta ve Emeklilik Faizsiz Sigortacılık Nedir? Hayat Sigortaları Elementer Sigortalar Emeklilik Sağlık Sigortaları Yatırım Ürünleri Hazine Ürünleri Sermaye Piyasası Ürünleri Fonum Ne Getirdi? Yatırım Rehberim Altın Bankacılığı Altın Hesapları Altın Günleri Kuyumcular Aracılığı ile Altın Toplama Canlı Altın Fiyatları Özel Bankacılık Size Özel Hizmetlerimiz Özel Bankacılık Kredi Kartı Biz Bize Bankacılık Biz Bize Bankacılık Biz Bize Plus Biz Bize Yabancı Bankacılık Yabancı Bankacılık Bankacılık İşlemleri Dijital Bankacılık Nasıl Müşteri Olunur? Yurt Dışı İşlemler Kampüs Kampüs Nedir? Kuveyt Türk Kampüs’e Gelenlere Toplamda 13.500 TL Hediye! Ayın Kampüslüsü’ne Özel Fırsatlar! Bir Defa Yurt Dışı Çıkış Harcın Kampüs'ten! Eğitim Harcamalarında Sağlam Avantaj: 5 Taksit Fırsatı! Kampüs’le Finansı Keşfet! Sağlam Kart Kampüs'e Başvur! Yakınlarını 
Kuveyt Türk,https://www.kuveytturk.com.tr/kendim-icin/ozel-bankacilik/ozel-bankacilik-kredi-karti,Özel Bankacılık | Kuveyt Türk Katılım Bankası,Kart,,,Özel Bankacılık | Kuveyt Türk Katılım Bankası Hakkımızda Finans Portalı Özel Bankacılık Yatırımcı İlişkileri Şube ve ATM’ler Dijital Bankacılık Ürün ve Hizmet Ücretleri English العربية Search Kendim İçin Ana Sayfa Finansmanlar Konut Finansmanları Araç Finansmanları Alışveriş Finansmanları İhtiyaç Finansmanları Sürdürülebilir Finansmanlar Hesaplar Cari Hesaplar Katılma Hesapları Altın Hesapları Yatırım Hesabı Diğer Kıymetli Maden Hesapları IBAN Sorgulama TMSF Güvencesi Kartlar Kredi Kartları Banka Kartları Kartlarımızın Ortak Özellikleri Harcama İtirazı (Chargeback) Nasıl Yapılır? Kart Karşılaştırma Ödemeler ve Hizmetler Diğer Hizmetler Ödemeler Sigorta ve Emeklilik Faizsiz Sigortacılık Nedir? Hayat Sigortaları Elementer Sigortalar Emeklilik Sağlık Sigortaları Yatırım Ürünleri Hazine Ürünleri Sermaye Piyasası Ürünleri Fonum Ne Getirdi? Yatırım Rehberim Altın Bankacılığı Altın Hesapları Altın Günleri Kuyumcular Aracılığı ile Altın Toplama Canlı Altın Fiyatları Özel Bankacılık Size Özel Hizmetlerimiz Özel Bankacılık Kredi Kartı Biz Bize Bankacılık Biz Bize Bankacılık Biz Bize Plus Biz Bize Yabancı Bankacılık Yabancı Bankacılık Bankacılık İşlemleri Dijital Bankacılık Nasıl Müşteri Olunur? Yurt Dışı İşlemler Kampüs Kampüs Nedir? Kuveyt Türk Kampüs’e Gelenlere Toplamda 13.500 TL Hediye! Ayın Kampüslüsü’ne Özel Fırsatlar! Bir Defa Yurt Dışı Çıkış Harcın Kampüs'ten! Eğitim Harcamalarında Sağlam Avantaj: 5 Taksit Fırsatı! Kampüs’le Finansı Keşfet! Sağlam Kart Kampüs'e Başvur! Yakınlar
Kuveyt Türk,https://www.kuveytturk.com.tr/kendim-icin/sigorta-ve-emeklilik,Sigorta ve Emeklilik | Kuveyt Türk Katılım Bankası,Sigorta,,,Sigorta ve Emeklilik | Kuveyt Türk Katılım Bankası Hakkımızda Finans Portalı Özel Bankacılık Yatırımcı İlişkileri Şube ve ATM’ler Dijital Bankacılık Ürün ve Hizmet Ücretleri English العربية Search Kendim İçin Ana Sayfa Finansmanlar Konut Finansmanları Araç Finansmanları Alışveriş Finansmanları İhtiyaç Finansmanları Sürdürülebilir Finansmanlar Hesaplar Cari Hesaplar Katılma Hesapları Altın Hesapları Yatırım Hesabı Diğer Kıymetli Maden Hesapları IBAN Sorgulama TMSF Güvencesi Kartlar Kredi Kartları Banka Kartları Kartlarımızın Ortak Özellikleri Harcama İtirazı (Chargeback) Nasıl Yapılır? Kart Karşılaştırma Ödemeler ve Hizmetler Diğer Hizmetler Ödemeler Sigorta ve Emeklilik Faizsiz Sigortacılık Nedir? Hayat Sigortaları Elementer Sigortalar Emeklilik Sağlık Sigortaları Yatırım Ürünleri Hazine Ürünleri Sermaye Piyasası Ürünleri Fonum Ne Getirdi? Yatırım Rehberim Altın Bankacılığı Altın Hesapları Altın Günleri Kuyumcular Aracılığı ile Altın Toplama Canlı Altın Fiyatları Özel Bankacılık Size Özel Hizmetlerimiz Özel Bankacılık Kredi Kartı Biz Bize Bankacılık Biz Bize Bankacılık Biz Bize Plus Biz Bize Yabancı Bankacılık Yabancı Bankacılık Bankacılık İşlemleri Dijital Bankacılık Nasıl Müşteri Olunur? Yurt Dışı İşlemler Kampüs Kampüs Nedir? Kuveyt Türk Kampüs’e Gelenlere Toplamda 13.500 TL Hediye! Ayın Kampüslüsü’ne Özel Fırsatlar! Bir Defa Yurt Dışı Çıkış Harcın Kampüs'ten! Eğitim Harcamalarında Sağlam Avantaj: 5 Taksit Fırsatı! Kampüs’le Finansı Keşfet! Sağlam Kart Kampüs'e Başvur! Yak
Kuveyt Türk,https://www.kuveytturk.com.tr/kendim-icin/sigorta-ve-emeklilik/elementer-sigortalar,Elementer Sigortalar | Kuveyt Türk Katılım Bankası,Sigorta,,,Elementer Sigortalar | Kuveyt Türk Katılım Bankası Hakkımızda Finans Portalı Özel Bankacılık Yatırımcı İlişkileri Şube ve ATM’ler Dijital Bankacılık Ürün ve Hizmet Ücretleri English العربية Search Kendim İçin Ana Sayfa Finansmanlar Konut Finansmanları Araç Finansmanları Alışveriş Finansmanları İhtiyaç Finansmanları Sürdürülebilir Finansmanlar Hesaplar Cari Hesaplar Katılma Hesapları Altın Hesapları Yatırım Hesabı Diğer Kıymetli Maden Hesapları IBAN Sorgulama TMSF Güvencesi Kartlar Kredi Kartları Banka Kartları Kartlarımızın Ortak Özellikleri Harcama İtirazı (Chargeback) Nasıl Yapılır? Kart Karşılaştırma Ödemeler ve Hizmetler Diğer Hizmetler Ödemeler Sigorta ve Emeklilik Faizsiz Sigortacılık Nedir? Hayat Sigortaları Elementer Sigortalar Emeklilik Sağlık Sigortaları Yatırım Ürünleri Hazine Ürünleri Sermaye Piyasası Ürünleri Fonum Ne Getirdi? Yatırım Rehberim Altın Bankacılığı Altın Hesapları Altın Günleri Kuyumcular Aracılığı ile Altın Toplama Canlı Altın Fiyatları Özel Bankacılık Size Özel Hizmetlerimiz Özel Bankacılık Kredi Kartı Biz Bize Bankacılık Biz Bize Bankacılık Biz Bize Plus Biz Bize Yabancı Bankacılık Yabancı Bankacılık Bankacılık İşlemleri Dijital Bankacılık Nasıl Müşteri Olunur? Yurt Dışı İşlemler Kampüs Kampüs Nedir? Kuveyt Türk Kampüs’e Gelenlere Toplamda 13.500 TL Hediye! Ayın Kampüslüsü’ne Özel Fırsatlar! Bir Defa Yurt Dışı Çıkış Harcın Kampüs'ten! Eğitim Harcamalarında Sağlam Avantaj: 5 Taksit Fırsatı! Kampüs’le Finansı Keşfet! Sağlam Kart Kampüs'e Başvur! Yak
Kuveyt Türk,https://www.kuveytturk.com.tr/kendim-icin/sigorta-ve-emeklilik/faizsiz-sigortacilik-nedir,Faizsiz Sigortacılık Nedir? | Kuveyt Türk Katılım Bankası,Sigorta,,,Faizsiz Sigortacılık Nedir? | Kuveyt Türk Katılım Bankası Hakkımızda Finans Portalı Özel Bankacılık Yatırımcı İlişkileri Şube ve ATM’ler Dijital Bankacılık Ürün ve Hizmet Ücretleri English العربية Search Kendim İçin Ana Sayfa Finansmanlar Konut Finansmanları Araç Finansmanları Alışveriş Finansmanları İhtiyaç Finansmanları Sürdürülebilir Finansmanlar Hesaplar Cari Hesaplar Katılma Hesapları Altın Hesapları Yatırım Hesabı Diğer Kıymetli Maden Hesapları IBAN Sorgulama TMSF Güvencesi Kartlar Kredi Kartları Banka Kartları Kartlarımızın Ortak Özellikleri Harcama İtirazı (Chargeback) Nasıl Yapılır? Kart Karşılaştırma Ödemeler ve Hizmetler Diğer Hizmetler Ödemeler Sigorta ve Emeklilik Faizsiz Sigortacılık Nedir? Hayat Sigortaları Elementer Sigortalar Emeklilik Sağlık Sigortaları Yatırım Ürünleri Hazine Ürünleri Sermaye Piyasası Ürünleri Fonum Ne Getirdi? Yatırım Rehberim Altın Bankacılığı Altın Hesapları Altın Günleri Kuyumcular Aracılığı ile Altın Toplama Canlı Altın Fiyatları Özel Bankacılık Size Özel Hizmetlerimiz Özel Bankacılık Kredi Kartı Biz Bize Bankacılık Biz Bize Bankacılık Biz Bize Plus Biz Bize Yabancı Bankacılık Yabancı Bankacılık Bankacılık İşlemleri Dijital Bankacılık Nasıl Müşteri Olunur? Yurt Dışı İşlemler Kampüs Kampüs Nedir? Kuveyt Türk Kampüs’e Gelenlere Toplamda 13.500 TL Hediye! Ayın Kampüslüsü’ne Özel Fırsatlar! Bir Defa Yurt Dışı Çıkış Harcın Kampüs'ten! Eğitim Harcamalarında Sağlam Avantaj: 5 Taksit Fırsatı! Kampüs’le Finansı Keşfet! Sağlam Kart Kampüs'e Başv
Kuveyt Türk,https://www.kuveytturk.com.tr/kendim-icin/sigorta-ve-emeklilik/hayat-sigortalari,Hayat Sigortaları | Kuveyt Türk Katılım Bankası,Sigorta,,,Hayat Sigortaları | Kuveyt Türk Katılım Bankası Hakkımızda Finans Portalı Özel Bankacılık Yatırımcı İlişkileri Şube ve ATM’ler Dijital Bankacılık Ürün ve Hizmet Ücretleri English العربية Search Kendim İçin Ana Sayfa Finansmanlar Konut Finansmanları Araç Finansmanları Alışveriş Finansmanları İhtiyaç Finansmanları Sürdürülebilir Finansmanlar Hesaplar Cari Hesaplar Katılma Hesapları Altın Hesapları Yatırım Hesabı Diğer Kıymetli Maden Hesapları IBAN Sorgulama TMSF Güvencesi Kartlar Kredi Kartları Banka Kartları Kartlarımızın Ortak Özellikleri Harcama İtirazı (Chargeback) Nasıl Yapılır? Kart Karşılaştırma Ödemeler ve Hizmetler Diğer Hizmetler Ödemeler Sigorta ve Emeklilik Faizsiz Sigortacılık Nedir? Hayat Sigortaları Elementer Sigortalar Emeklilik Sağlık Sigortaları Yatırım Ürünleri Hazine Ürünleri Sermaye Piyasası Ürünleri Fonum Ne Getirdi? Yatırım Rehberim Altın Bankacılığı Altın Hesapları Altın Günleri Kuyumcular Aracılığı ile Altın Toplama Canlı Altın Fiyatları Özel Bankacılık Size Özel Hizmetlerimiz Özel Bankacılık Kredi Kartı Biz Bize Bankacılık Biz Bize Bankacılık Biz Bize Plus Biz Bize Yabancı Bankacılık Yabancı Bankacılık Bankacılık İşlemleri Dijital Bankacılık Nasıl Müşteri Olunur? Yurt Dışı İşlemler Kampüs Kampüs Nedir? Kuveyt Türk Kampüs’e Gelenlere Toplamda 13.500 TL Hediye! Ayın Kampüslüsü’ne Özel Fırsatlar! Bir Defa Yurt Dışı Çıkış Harcın Kampüs'ten! Eğitim Harcamalarında Sağlam Avantaj: 5 Taksit Fırsatı! Kampüs’le Finansı Keşfet! Sağlam Kart Kampüs'e Başvur! Yakınl
Kuveyt Türk,https://www.kuveytturk.com.tr/kendim-icin/sigorta-ve-emeklilik/saglik-sigortalari,Sağlık Sigortaları | Kuveyt Türk Katılım Bankası,Sigorta,,,Sağlık Sigortaları | Kuveyt Türk Katılım Bankası Hakkımızda Finans Portalı Özel Bankacılık Yatırımcı İlişkileri Şube ve ATM’ler Dijital Bankacılık Ürün ve Hizmet Ücretleri English العربية Search Kendim İçin Ana Sayfa Finansmanlar Konut Finansmanları Araç Finansmanları Alışveriş Finansmanları İhtiyaç Finansmanları Sürdürülebilir Finansmanlar Hesaplar Cari Hesaplar Katılma Hesapları Altın Hesapları Yatırım Hesabı Diğer Kıymetli Maden Hesapları IBAN Sorgulama TMSF Güvencesi Kartlar Kredi Kartları Banka Kartları Kartlarımızın Ortak Özellikleri Harcama İtirazı (Chargeback) Nasıl Yapılır? Kart Karşılaştırma Ödemeler ve Hizmetler Diğer Hizmetler Ödemeler Sigorta ve Emeklilik Faizsiz Sigortacılık Nedir? Hayat Sigortaları Elementer Sigortalar Emeklilik Sağlık Sigortaları Yatırım Ürünleri Hazine Ürünleri Sermaye Piyasası Ürünleri Fonum Ne Getirdi? Yatırım Rehberim Altın Bankacılığı Altın Hesapları Altın Günleri Kuyumcular Aracılığı ile Altın Toplama Canlı Altın Fiyatları Özel Bankacılık Size Özel Hizmetlerimiz Özel Bankacılık Kredi Kartı Biz Bize Bankacılık Biz Bize Bankacılık Biz Bize Plus Biz Bize Yabancı Bankacılık Yabancı Bankacılık Bankacılık İşlemleri Dijital Bankacılık Nasıl Müşteri Olunur? Yurt Dışı İşlemler Kampüs Kampüs Nedir? Kuveyt Türk Kampüs’e Gelenlere Toplamda 13.500 TL Hediye! Ayın Kampüslüsü’ne Özel Fırsatlar! Bir Defa Yurt Dışı Çıkış Harcın Kampüs'ten! Eğitim Harcamalarında Sağlam Avantaj: 5 Taksit Fırsatı! Kampüs’le Finansı Keşfet! Sağlam Kart Kampüs'e Başvur! Yakın
Kuveyt Türk,https://www.kuveytturk.com.tr/kendim-icin/sigorta-ve-emeklilik/sigorta-ve-emeklilik-emeklilik,Emeklilik | Kuveyt Türk Katılım Bankası,Sigorta,,,Emeklilik | Kuveyt Türk Katılım Bankası Hakkımızda Finans Portalı Özel Bankacılık Yatırımcı İlişkileri Şube ve ATM’ler Dijital Bankacılık Ürün ve Hizmet Ücretleri English العربية Search Kendim İçin Ana Sayfa Finansmanlar Konut Finansmanları Araç Finansmanları Alışveriş Finansmanları İhtiyaç Finansmanları Sürdürülebilir Finansmanlar Hesaplar Cari Hesaplar Katılma Hesapları Altın Hesapları Yatırım Hesabı Diğer Kıymetli Maden Hesapları IBAN Sorgulama TMSF Güvencesi Kartlar Kredi Kartları Banka Kartları Kartlarımızın Ortak Özellikleri Harcama İtirazı (Chargeback) Nasıl Yapılır? Kart Karşılaştırma Ödemeler ve Hizmetler Diğer Hizmetler Ödemeler Sigorta ve Emeklilik Faizsiz Sigortacılık Nedir? Hayat Sigortaları Elementer Sigortalar Emeklilik Sağlık Sigortaları Yatırım Ürünleri Hazine Ürünleri Sermaye Piyasası Ürünleri Fonum Ne Getirdi? Yatırım Rehberim Altın Bankacılığı Altın Hesapları Altın Günleri Kuyumcular Aracılığı ile Altın Toplama Canlı Altın Fiyatları Özel Bankacılık Size Özel Hizmetlerimiz Özel Bankacılık Kredi Kartı Biz Bize Bankacılık Biz Bize Bankacılık Biz Bize Plus Biz Bize Yabancı Bankacılık Yabancı Bankacılık Bankacılık İşlemleri Dijital Bankacılık Nasıl Müşteri Olunur? Yurt Dışı İşlemler Kampüs Kampüs Nedir? Kuveyt Türk Kampüs’e Gelenlere Toplamda 13.500 TL Hediye! Ayın Kampüslüsü’ne Özel Fırsatlar! Bir Defa Yurt Dışı Çıkış Harcın Kampüs'ten! Eğitim Harcamalarında Sağlam Avantaj: 5 Taksit Fırsatı! Kampüs’le Finansı Keşfet! Sağlam Kart Kampüs'e Başvur! Yakınlarını Ge
Kuveyt Türk,https://www.kuveytturk.com.tr/kendim-icin/sigorta-ve-emeklilik/sigorta-ve-emeklilik-emeklilik/bireysel-emeklilik-sistemi,Bireysel Emeklilik Sistemi | Kuveyt Türk Katılım Bankası,Sigorta,,,Bireysel Emeklilik Sistemi | Kuveyt Türk Katılım Bankası Hakkımızda Finans Portalı Özel Bankacılık Yatırımcı İlişkileri Şube ve ATM’ler Dijital Bankacılık Ürün ve Hizmet Ücretleri English العربية Search Kendim İçin Ana Sayfa Finansmanlar Konut Finansmanları Araç Finansmanları Alışveriş Finansmanları İhtiyaç Finansmanları Sürdürülebilir Finansmanlar Hesaplar Cari Hesaplar Katılma Hesapları Altın Hesapları Yatırım Hesabı Diğer Kıymetli Maden Hesapları IBAN Sorgulama TMSF Güvencesi Kartlar Kredi Kartları Banka Kartları Kartlarımızın Ortak Özellikleri Harcama İtirazı (Chargeback) Nasıl Yapılır? Kart Karşılaştırma Ödemeler ve Hizmetler Diğer Hizmetler Ödemeler Sigorta ve Emeklilik Faizsiz Sigortacılık Nedir? Hayat Sigortaları Elementer Sigortalar Emeklilik Sağlık Sigortaları Yatırım Ürünleri Hazine Ürünleri Sermaye Piyasası Ürünleri Fonum Ne Getirdi? Yatırım Rehberim Altın Bankacılığı Altın Hesapları Altın Günleri Kuyumcular Aracılığı ile Altın Toplama Canlı Altın Fiyatları Özel Bankacılık Size Özel Hizmetlerimiz Özel Bankacılık Kredi Kartı Biz Bize Bankacılık Biz Bize Bankacılık Biz Bize Plus Biz Bize Yabancı Bankacılık Yabancı Bankacılık Bankacılık İşlemleri Dijital Bankacılık Nasıl Müşteri Olunur? Yurt Dışı İşlemler Kampüs Kampüs Nedir? Kuveyt Türk Kampüs’e Gelenlere Toplamda 13.500 TL Hediye! Ayın Kampüslüsü’ne Özel Fırsatlar! Bir Defa Yurt Dışı Çıkış Harcın Kampüs'ten! Eğitim Harcamalarında Sağlam Avantaj: 5 Taksit Fırsatı! Kampüs’le Finansı Keşfet! Sağlam Kart Kampüs'e Başvu
Kuveyt Türk,https://www.kuveytturk.com.tr/kendim-icin/yatirim-urunleri,Yatırım Ürünleri | Kuveyt Türk Katılım Bankası,Yatırım,,,Yatırım Ürünleri | Kuveyt Türk Katılım Bankası Hakkımızda Finans Portalı Özel Bankacılık Yatırımcı İlişkileri Şube ve ATM’ler Dijital Bankacılık Ürün ve Hizmet Ücretleri English العربية Search Kendim İçin Ana Sayfa Finansmanlar Konut Finansmanları Araç Finansmanları Alışveriş Finansmanları İhtiyaç Finansmanları Sürdürülebilir Finansmanlar Hesaplar Cari Hesaplar Katılma Hesapları Altın Hesapları Yatırım Hesabı Diğer Kıymetli Maden Hesapları IBAN Sorgulama TMSF Güvencesi Kartlar Kredi Kartları Banka Kartları Kartlarımızın Ortak Özellikleri Harcama İtirazı (Chargeback) Nasıl Yapılır? Kart Karşılaştırma Ödemeler ve Hizmetler Diğer Hizmetler Ödemeler Sigorta ve Emeklilik Faizsiz Sigortacılık Nedir? Hayat Sigortaları Elementer Sigortalar Emeklilik Sağlık Sigortaları Yatırım Ürünleri Hazine Ürünleri Sermaye Piyasası Ürünleri Fonum Ne Getirdi? Yatırım Rehberim Altın Bankacılığı Altın Hesapları Altın Günleri Kuyumcular Aracılığı ile Altın Toplama Canlı Altın Fiyatları Özel Bankacılık Size Özel Hizmetlerimiz Özel Bankacılık Kredi Kartı Biz Bize Bankacılık Biz Bize Bankacılık Biz Bize Plus Biz Bize Yabancı Bankacılık Yabancı Bankacılık Bankacılık İşlemleri Dijital Bankacılık Nasıl Müşteri Olunur? Yurt Dışı İşlemler Kampüs Kampüs Nedir? Kuveyt Türk Kampüs’e Gelenlere Toplamda 13.500 TL Hediye! Ayın Kampüslüsü’ne Özel Fırsatlar! Bir Defa Yurt Dışı Çıkış Harcın Kampüs'ten! Eğitim Harcamalarında Sağlam Avantaj: 5 Taksit Fırsatı! Kampüs’le Finansı Keşfet! Sağlam Kart Kampüs'e Başvur! Yakınla
Kuveyt Türk,https://www.kuveytturk.com.tr/kendim-icin/yatirim-urunleri/fonum-ne-getirdi,Fonum Ne Getirdi? | Kuveyt Türk Katılım Bankası,Yatırım,,,Fonum Ne Getirdi? | Kuveyt Türk Katılım Bankası Hakkımızda Finans Portalı Özel Bankacılık Yatırımcı İlişkileri Şube ve ATM’ler Dijital Bankacılık Ürün ve Hizmet Ücretleri English العربية Search Kendim İçin Ana Sayfa Finansmanlar Konut Finansmanları Araç Finansmanları Alışveriş Finansmanları İhtiyaç Finansmanları Sürdürülebilir Finansmanlar Hesaplar Cari Hesaplar Katılma Hesapları Altın Hesapları Yatırım Hesabı Diğer Kıymetli Maden Hesapları IBAN Sorgulama TMSF Güvencesi Kartlar Kredi Kartları Banka Kartları Kartlarımızın Ortak Özellikleri Harcama İtirazı (Chargeback) Nasıl Yapılır? Kart Karşılaştırma Ödemeler ve Hizmetler Diğer Hizmetler Ödemeler Sigorta ve Emeklilik Faizsiz Sigortacılık Nedir? Hayat Sigortaları Elementer Sigortalar Emeklilik Sağlık Sigortaları Yatırım Ürünleri Hazine Ürünleri Sermaye Piyasası Ürünleri Fonum Ne Getirdi? Yatırım Rehberim Altın Bankacılığı Altın Hesapları Altın Günleri Kuyumcular Aracılığı ile Altın Toplama Canlı Altın Fiyatları Özel Bankacılık Size Özel Hizmetlerimiz Özel Bankacılık Kredi Kartı Biz Bize Bankacılık Biz Bize Bankacılık Biz Bize Plus Biz Bize Yabancı Bankacılık Yabancı Bankacılık Bankacılık İşlemleri Dijital Bankacılık Nasıl Müşteri Olunur? Yurt Dışı İşlemler Kampüs Kampüs Nedir? Kuveyt Türk Kampüs’e Gelenlere Toplamda 13.500 TL Hediye! Ayın Kampüslüsü’ne Özel Fırsatlar! Bir Defa Yurt Dışı Çıkış Harcın Kampüs'ten! Eğitim Harcamalarında Sağlam Avantaj: 5 Taksit Fırsatı! Kampüs’le Finansı Keşfet! Sağlam Kart Kampüs'e Başvur! Yakınl
Kuveyt Türk,https://www.kuveytturk.com.tr/kendim-icin/yatirim-urunleri/hazine-urunleri,Hazine Ürünleri | Kuveyt Türk Katılım Bankası,Yatırım,,,Hazine Ürünleri | Kuveyt Türk Katılım Bankası Hakkımızda Finans Portalı Özel Bankacılık Yatırımcı İlişkileri Şube ve ATM’ler Dijital Bankacılık Ürün ve Hizmet Ücretleri English العربية Search Kendim İçin Ana Sayfa Finansmanlar Konut Finansmanları Araç Finansmanları Alışveriş Finansmanları İhtiyaç Finansmanları Sürdürülebilir Finansmanlar Hesaplar Cari Hesaplar Katılma Hesapları Altın Hesapları Yatırım Hesabı Diğer Kıymetli Maden Hesapları IBAN Sorgulama TMSF Güvencesi Kartlar Kredi Kartları Banka Kartları Kartlarımızın Ortak Özellikleri Harcama İtirazı (Chargeback) Nasıl Yapılır? Kart Karşılaştırma Ödemeler ve Hizmetler Diğer Hizmetler Ödemeler Sigorta ve Emeklilik Faizsiz Sigortacılık Nedir? Hayat Sigortaları Elementer Sigortalar Emeklilik Sağlık Sigortaları Yatırım Ürünleri Hazine Ürünleri Sermaye Piyasası Ürünleri Fonum Ne Getirdi? Yatırım Rehberim Altın Bankacılığı Altın Hesapları Altın Günleri Kuyumcular Aracılığı ile Altın Toplama Canlı Altın Fiyatları Özel Bankacılık Size Özel Hizmetlerimiz Özel Bankacılık Kredi Kartı Biz Bize Bankacılık Biz Bize Bankacılık Biz Bize Plus Biz Bize Yabancı Bankacılık Yabancı Bankacılık Bankacılık İşlemleri Dijital Bankacılık Nasıl Müşteri Olunur? Yurt Dışı İşlemler Kampüs Kampüs Nedir? Kuveyt Türk Kampüs’e Gelenlere Toplamda 13.500 TL Hediye! Ayın Kampüslüsü’ne Özel Fırsatlar! Bir Defa Yurt Dışı Çıkış Harcın Kampüs'ten! Eğitim Harcamalarında Sağlam Avantaj: 5 Taksit Fırsatı! Kampüs’le Finansı Keşfet! Sağlam Kart Kampüs'e Başvur! Yakınlar
Kuveyt Türk,https://www.kuveytturk.com.tr/kendim-icin/yatirim-urunleri/hazine-urunleri/canli-altin-fiyatlari-ve-altin-kuru,Canlı Altın Fiyatları ve Altın Kuru | Kuveyt Türk Katılım Bankası,Yatırım,,,Canlı Altın Fiyatları ve Altın Kuru | Kuveyt Türk Katılım Bankası Hakkımızda Finans Portalı Özel Bankacılık Yatırımcı İlişkileri Şube ve ATM’ler Dijital Bankacılık Ürün ve Hizmet Ücretleri English العربية Search Kendim İçin Ana Sayfa Finansmanlar Konut Finansmanları Araç Finansmanları Alışveriş Finansmanları İhtiyaç Finansmanları Sürdürülebilir Finansmanlar Hesaplar Cari Hesaplar Katılma Hesapları Altın Hesapları Yatırım Hesabı Diğer Kıymetli Maden Hesapları IBAN Sorgulama TMSF Güvencesi Kartlar Kredi Kartları Banka Kartları Kartlarımızın Ortak Özellikleri Harcama İtirazı (Chargeback) Nasıl Yapılır? Kart Karşılaştırma Ödemeler ve Hizmetler Diğer Hizmetler Ödemeler Sigorta ve Emeklilik Faizsiz Sigortacılık Nedir? Hayat Sigortaları Elementer Sigortalar Emeklilik Sağlık Sigortaları Yatırım Ürünleri Hazine Ürünleri Sermaye Piyasası Ürünleri Fonum Ne Getirdi? Yatırım Rehberim Altın Bankacılığı Altın Hesapları Altın Günleri Kuyumcular Aracılığı ile Altın Toplama Canlı Altın Fiyatları Özel Bankacılık Size Özel Hizmetlerimiz Özel Bankacılık Kredi Kartı Biz Bize Bankacılık Biz Bize Bankacılık Biz Bize Plus Biz Bize Yabancı Bankacılık Yabancı Bankacılık Bankacılık İşlemleri Dijital Bankacılık Nasıl Müşteri Olunur? Yurt Dışı İşlemler Kampüs Kampüs Nedir? Kuveyt Türk Kampüs’e Gelenlere Toplamda 13.500 TL Hediye! Ayın Kampüslüsü’ne Özel Fırsatlar! Bir Defa Yurt Dışı Çıkış Harcın Kampüs'ten! Eğitim Harcamalarında Sağlam Avantaj: 5 Taksit Fırsatı! Kampüs’le Finansı Keşfet! Sağlam Kart Kampü
Kuveyt Türk,https://www.kuveytturk.com.tr/kendim-icin/yatirim-urunleri/hazine-urunleri/canli-gumus-fiyatlari-ve-gram-gumus-hesaplama,Canlı Gümüş Fiyatları ve Gram Gümüş Hesaplama  | Kuveyt Türk Katılım Bankası,Hesap,,,Canlı Gümüş Fiyatları ve Gram Gümüş Hesaplama | Kuveyt Türk Katılım Bankası Hakkımızda Finans Portalı Özel Bankacılık Yatırımcı İlişkileri Şube ve ATM’ler Dijital Bankacılık Ürün ve Hizmet Ücretleri English العربية Search Kendim İçin Ana Sayfa Finansmanlar Konut Finansmanları Araç Finansmanları Alışveriş Finansmanları İhtiyaç Finansmanları Sürdürülebilir Finansmanlar Hesaplar Cari Hesaplar Katılma Hesapları Altın Hesapları Yatırım Hesabı Diğer Kıymetli Maden Hesapları IBAN Sorgulama TMSF Güvencesi Kartlar Kredi Kartları Banka Kartları Kartlarımızın Ortak Özellikleri Harcama İtirazı (Chargeback) Nasıl Yapılır? Kart Karşılaştırma Ödemeler ve Hizmetler Diğer Hizmetler Ödemeler Sigorta ve Emeklilik Faizsiz Sigortacılık Nedir? Hayat Sigortaları Elementer Sigortalar Emeklilik Sağlık Sigortaları Yatırım Ürünleri Hazine Ürünleri Sermaye Piyasası Ürünleri Fonum Ne Getirdi? Yatırım Rehberim Altın Bankacılığı Altın Hesapları Altın Günleri Kuyumcular Aracılığı ile Altın Toplama Canlı Altın Fiyatları Özel Bankacılık Size Özel Hizmetlerimiz Özel Bankacılık Kredi Kartı Biz Bize Bankacılık Biz Bize Bankacılık Biz Bize Plus Biz Bize Yabancı Bankacılık Yabancı Bankacılık Bankacılık İşlemleri Dijital Bankacılık Nasıl Müşteri Olunur? Yurt Dışı İşlemler Kampüs Kampüs Nedir? Kuveyt Türk Kampüs’e Gelenlere Toplamda 13.500 TL Hediye! Ayın Kampüslüsü’ne Özel Fırsatlar! Bir Defa Yurt Dışı Çıkış Harcın Kampüs'ten! Eğitim Harcamalarında Sağlam Avantaj: 5 Taksit Fırsatı! Kampüs’le Finansı Keşfet! Sağlam 
Kuveyt Türk,https://www.kuveytturk.com.tr/kendim-icin/yatirim-urunleri/hazine-urunleri/doviz-alim-satimi,Döviz Alım Satımı | Kuveyt Türk Katılım Bankası,Yatırım,,,Döviz Alım Satımı | Kuveyt Türk Katılım Bankası Hakkımızda Finans Portalı Özel Bankacılık Yatırımcı İlişkileri Şube ve ATM’ler Dijital Bankacılık Ürün ve Hizmet Ücretleri English العربية Search Kendim İçin Ana Sayfa Finansmanlar Konut Finansmanları Araç Finansmanları Alışveriş Finansmanları İhtiyaç Finansmanları Sürdürülebilir Finansmanlar Hesaplar Cari Hesaplar Katılma Hesapları Altın Hesapları Yatırım Hesabı Diğer Kıymetli Maden Hesapları IBAN Sorgulama TMSF Güvencesi Kartlar Kredi Kartları Banka Kartları Kartlarımızın Ortak Özellikleri Harcama İtirazı (Chargeback) Nasıl Yapılır? Kart Karşılaştırma Ödemeler ve Hizmetler Diğer Hizmetler Ödemeler Sigorta ve Emeklilik Faizsiz Sigortacılık Nedir? Hayat Sigortaları Elementer Sigortalar Emeklilik Sağlık Sigortaları Yatırım Ürünleri Hazine Ürünleri Sermaye Piyasası Ürünleri Fonum Ne Getirdi? Yatırım Rehberim Altın Bankacılığı Altın Hesapları Altın Günleri Kuyumcular Aracılığı ile Altın Toplama Canlı Altın Fiyatları Özel Bankacılık Size Özel Hizmetlerimiz Özel Bankacılık Kredi Kartı Biz Bize Bankacılık Biz Bize Bankacılık Biz Bize Plus Biz Bize Yabancı Bankacılık Yabancı Bankacılık Bankacılık İşlemleri Dijital Bankacılık Nasıl Müşteri Olunur? Yurt Dışı İşlemler Kampüs Kampüs Nedir? Kuveyt Türk Kampüs’e Gelenlere Toplamda 13.500 TL Hediye! Ayın Kampüslüsü’ne Özel Fırsatlar! Bir Defa Yurt Dışı Çıkış Harcın Kampüs'ten! Eğitim Harcamalarında Sağlam Avantaj: 5 Taksit Fırsatı! Kampüs’le Finansı Keşfet! Sağlam Kart Kampüs'e Başvur! Yakınl
Kuveyt Türk,https://www.kuveytturk.com.tr/kendim-icin/yatirim-urunleri/sermaye-piyasasi-urunleri,Sermaye Piyasası Ürünleri | Kuveyt Türk Katılım Bankası,Yatırım,,,Sermaye Piyasası Ürünleri | Kuveyt Türk Katılım Bankası Hakkımızda Finans Portalı Özel Bankacılık Yatırımcı İlişkileri Şube ve ATM’ler Dijital Bankacılık Ürün ve Hizmet Ücretleri English العربية Search Kendim İçin Ana Sayfa Finansmanlar Konut Finansmanları Araç Finansmanları Alışveriş Finansmanları İhtiyaç Finansmanları Sürdürülebilir Finansmanlar Hesaplar Cari Hesaplar Katılma Hesapları Altın Hesapları Yatırım Hesabı Diğer Kıymetli Maden Hesapları IBAN Sorgulama TMSF Güvencesi Kartlar Kredi Kartları Banka Kartları Kartlarımızın Ortak Özellikleri Harcama İtirazı (Chargeback) Nasıl Yapılır? Kart Karşılaştırma Ödemeler ve Hizmetler Diğer Hizmetler Ödemeler Sigorta ve Emeklilik Faizsiz Sigortacılık Nedir? Hayat Sigortaları Elementer Sigortalar Emeklilik Sağlık Sigortaları Yatırım Ürünleri Hazine Ürünleri Sermaye Piyasası Ürünleri Fonum Ne Getirdi? Yatırım Rehberim Altın Bankacılığı Altın Hesapları Altın Günleri Kuyumcular Aracılığı ile Altın Toplama Canlı Altın Fiyatları Özel Bankacılık Size Özel Hizmetlerimiz Özel Bankacılık Kredi Kartı Biz Bize Bankacılık Biz Bize Bankacılık Biz Bize Plus Biz Bize Yabancı Bankacılık Yabancı Bankacılık Bankacılık İşlemleri Dijital Bankacılık Nasıl Müşteri Olunur? Yurt Dışı İşlemler Kampüs Kampüs Nedir? Kuveyt Türk Kampüs’e Gelenlere Toplamda 13.500 TL Hediye! Ayın Kampüslüsü’ne Özel Fırsatlar! Bir Defa Yurt Dışı Çıkış Harcın Kampüs'ten! Eğitim Harcamalarında Sağlam Avantaj: 5 Taksit Fırsatı! Kampüs’le Finansı Keşfet! Sağlam Kart Kampüs'e Başvur
Kuveyt Türk,https://www.kuveytturk.com.tr/kendim-icin/yatirim-urunleri/sermaye-piyasasi-urunleri/yatirim-fonlari,Yatırım Fonları | Kuveyt Türk Katılım Bankası,Yatırım,,,Yatırım Fonları | Kuveyt Türk Katılım Bankası Hakkımızda Finans Portalı Özel Bankacılık Yatırımcı İlişkileri Şube ve ATM’ler Dijital Bankacılık Ürün ve Hizmet Ücretleri English العربية Search Kendim İçin Ana Sayfa Finansmanlar Konut Finansmanları Araç Finansmanları Alışveriş Finansmanları İhtiyaç Finansmanları Sürdürülebilir Finansmanlar Hesaplar Cari Hesaplar Katılma Hesapları Altın Hesapları Yatırım Hesabı Diğer Kıymetli Maden Hesapları IBAN Sorgulama TMSF Güvencesi Kartlar Kredi Kartları Banka Kartları Kartlarımızın Ortak Özellikleri Harcama İtirazı (Chargeback) Nasıl Yapılır? Kart Karşılaştırma Ödemeler ve Hizmetler Diğer Hizmetler Ödemeler Sigorta ve Emeklilik Faizsiz Sigortacılık Nedir? Hayat Sigortaları Elementer Sigortalar Emeklilik Sağlık Sigortaları Yatırım Ürünleri Hazine Ürünleri Sermaye Piyasası Ürünleri Fonum Ne Getirdi? Yatırım Rehberim Altın Bankacılığı Altın Hesapları Altın Günleri Kuyumcular Aracılığı ile Altın Toplama Canlı Altın Fiyatları Özel Bankacılık Size Özel Hizmetlerimiz Özel Bankacılık Kredi Kartı Biz Bize Bankacılık Biz Bize Bankacılık Biz Bize Plus Biz Bize Yabancı Bankacılık Yabancı Bankacılık Bankacılık İşlemleri Dijital Bankacılık Nasıl Müşteri Olunur? Yurt Dışı İşlemler Kampüs Kampüs Nedir? Kuveyt Türk Kampüs’e Gelenlere Toplamda 13.500 TL Hediye! Ayın Kampüslüsü’ne Özel Fırsatlar! Bir Defa Yurt Dışı Çıkış Harcın Kampüs'ten! Eğitim Harcamalarında Sağlam Avantaj: 5 Taksit Fırsatı! Kampüs’le Finansı Keşfet! Sağlam Kart Kampüs'e Başvur! Yakınlar
Kuveyt Türk,https://www.kuveytturk.com.tr/kendim-icin/yatirim-urunleri/yatirim-rehberim,Yatırım Rehberim | Kuveyt Türk Katılım Bankası,Yatırım,,,Yatırım Rehberim | Kuveyt Türk Katılım Bankası Hakkımızda Finans Portalı Özel Bankacılık Yatırımcı İlişkileri Şube ve ATM’ler Dijital Bankacılık Ürün ve Hizmet Ücretleri English العربية Search Kendim İçin Ana Sayfa Finansmanlar Konut Finansmanları Araç Finansmanları Alışveriş Finansmanları İhtiyaç Finansmanları Sürdürülebilir Finansmanlar Hesaplar Cari Hesaplar Katılma Hesapları Altın Hesapları Yatırım Hesabı Diğer Kıymetli Maden Hesapları IBAN Sorgulama TMSF Güvencesi Kartlar Kredi Kartları Banka Kartları Kartlarımızın Ortak Özellikleri Harcama İtirazı (Chargeback) Nasıl Yapılır? Kart Karşılaştırma Ödemeler ve Hizmetler Diğer Hizmetler Ödemeler Sigorta ve Emeklilik Faizsiz Sigortacılık Nedir? Hayat Sigortaları Elementer Sigortalar Emeklilik Sağlık Sigortaları Yatırım Ürünleri Hazine Ürünleri Sermaye Piyasası Ürünleri Fonum Ne Getirdi? Yatırım Rehberim Altın Bankacılığı Altın Hesapları Altın Günleri Kuyumcular Aracılığı ile Altın Toplama Canlı Altın Fiyatları Özel Bankacılık Size Özel Hizmetlerimiz Özel Bankacılık Kredi Kartı Biz Bize Bankacılık Biz Bize Bankacılık Biz Bize Plus Biz Bize Yabancı Bankacılık Yabancı Bankacılık Bankacılık İşlemleri Dijital Bankacılık Nasıl Müşteri Olunur? Yurt Dışı İşlemler Kampüs Kampüs Nedir? Kuveyt Türk Kampüs’e Gelenlere Toplamda 13.500 TL Hediye! Ayın Kampüslüsü’ne Özel Fırsatlar! Bir Defa Yurt Dışı Çıkış Harcın Kampüs'ten! Eğitim Harcamalarında Sağlam Avantaj: 5 Taksit Fırsatı! Kampüs’le Finansı Keşfet! Sağlam Kart Kampüs'e Başvur! Yakınla
Kuveyt Türk,https://www.kuveytturk.com.tr/kendim-icin/yatirim-urunleri/yatirim-rehberim-on-bilgilendirme,Yatırım Rehberim | Kuveyt Türk Katılım Bankası,Yatırım,,,Yatırım Rehberim | Kuveyt Türk Katılım Bankası Hakkımızda Finans Portalı Özel Bankacılık Yatırımcı İlişkileri Şube ve ATM’ler Dijital Bankacılık Ürün ve Hizmet Ücretleri English العربية Search Kendim İçin Ana Sayfa Finansmanlar Konut Finansmanları Araç Finansmanları Alışveriş Finansmanları İhtiyaç Finansmanları Sürdürülebilir Finansmanlar Hesaplar Cari Hesaplar Katılma Hesapları Altın Hesapları Yatırım Hesabı Diğer Kıymetli Maden Hesapları IBAN Sorgulama TMSF Güvencesi Kartlar Kredi Kartları Banka Kartları Kartlarımızın Ortak Özellikleri Harcama İtirazı (Chargeback) Nasıl Yapılır? Kart Karşılaştırma Ödemeler ve Hizmetler Diğer Hizmetler Ödemeler Sigorta ve Emeklilik Faizsiz Sigortacılık Nedir? Hayat Sigortaları Elementer Sigortalar Emeklilik Sağlık Sigortaları Yatırım Ürünleri Hazine Ürünleri Sermaye Piyasası Ürünleri Fonum Ne Getirdi? Yatırım Rehberim Altın Bankacılığı Altın Hesapları Altın Günleri Kuyumcular Aracılığı ile Altın Toplama Canlı Altın Fiyatları Özel Bankacılık Size Özel Hizmetlerimiz Özel Bankacılık Kredi Kartı Biz Bize Bankacılık Biz Bize Bankacılık Biz Bize Plus Biz Bize Yabancı Bankacılık Yabancı Bankacılık Bankacılık İşlemleri Dijital Bankacılık Nasıl Müşteri Olunur? Yurt Dışı İşlemler Kampüs Kampüs Nedir? Kuveyt Türk Kampüs’e Gelenlere Toplamda 13.500 TL Hediye! Ayın Kampüslüsü’ne Özel Fırsatlar! Bir Defa Yurt Dışı Çıkış Harcın Kampüs'ten! Eğitim Harcamalarında Sağlam Avantaj: 5 Taksit Fırsatı! Kampüs’le Finansı Keşfet! Sağlam Kart Kampüs'e Başvur! Yakınla
Kuveyt Türk,https://www.kuveytturk.com.tr/musteri-ol/ciftci-hesaplari,Çiftçi Hesapları | Kuveyt Türk Katılım Bankası,Hesap,,,"Çiftçi Hesapları | Kuveyt Türk Katılım Bankası Hakkımızda Finans Portalı Özel Bankacılık Yatırımcı İlişkileri Şube ve ATM’ler Dijital Bankacılık Ürün ve Hizmet Ücretleri English العربية Çiftçi Hesapları Kuveyt Türklü Ol Kendim İçin Firmam İçin Şahıs Firmaları İçin Çiftçiler İçin İnternet Şubesi Bireysel Kurumsal Anında Şifre Mobil uygulamamızı hemen indirin, anında Kuveyt Türklü olun. Hemen İndir QR kodu okutarak uygulamayı indirin! Kuveyt Türklü olun ve avantajlı bankacılık hizmetlerimizden siz de yararlanın. Kampanyalar Tüm Kampanyalar Kampanya Aralığı: 30 Temmuz 2025 - 31 Aralık 2026 Mobilden Kuveyt Türklü Olan Esnaf ve Çiftçilere 22.000 TL'ye Varan Hediye! Mobilden Şahıs Firması veya Çiftçi Hesabı Açın 22.000 TL'ye Kadar Kazanın! Kampanyayı Keşfet Kampanya Aralığı: 24 Temmuz 2025 - 31 Aralık 2026 Mobilden Kuveyt Türklü olan Esnaf, Çiftçi ve Şahıs Firmalarına Özel 1000 TL Hediye! Mobilden Hesap Açın 1000 TL Nakit Kart Harcamanıza 1.000 TL Kazanın! Kampanyayı Keşfet Kampanya Aralığı: 14 Şubat 2025 - 31 Aralık 2027 Esnaf, Çiftçi ve Tüzel Şirketlerin Faturası Bizden! Kuveyt Türk Mobil'den müşteri olan şahıs firması, çiftçi ve tüzel şirketlere 1.000 TL! Kampanyayı Keşfet Kampanya Aralığı: 9 Şubat 2024 - 31 Aralık 2027 Esnaf, Çiftçi ve Tüzel Şirketlere Özel 16.000 TL Değerinde Finansal Ürün Paketi Hediye! Mobilden Müşterimiz Olan Esnaf, Çiftçi ve Tüzel Şirketler 16.000 TL Değerinde Çek Karnesi, Çek Tahsilatı ve HGS Etiketi Kazanıyor! Kampanyayı Keşfet Nasıl Müşterimiz Olabilirs"
Kuveyt Türk,https://www.kuveytturk.com.tr/yatirimci-iliskileri,Yatırımcı İlişkileri | Kuveyt Türk Katılım Bankası,Yatırım,,,Yatırımcı İlişkileri | Kuveyt Türk Katılım Bankası Hakkımızda Finans Portalı Özel Bankacılık Yatırımcı İlişkileri Şube ve ATM’ler Dijital Bankacılık Ürün ve Hizmet Ücretleri English العربية Search Kendim İçin Ana Sayfa Finansmanlar Konut Finansmanları Araç Finansmanları Alışveriş Finansmanları İhtiyaç Finansmanları Sürdürülebilir Finansmanlar Hesaplar Cari Hesaplar Katılma Hesapları Altın Hesapları Yatırım Hesabı Diğer Kıymetli Maden Hesapları IBAN Sorgulama TMSF Güvencesi Kartlar Kredi Kartları Banka Kartları Kartlarımızın Ortak Özellikleri Harcama İtirazı (Chargeback) Nasıl Yapılır? Kart Karşılaştırma Ödemeler ve Hizmetler Diğer Hizmetler Ödemeler Sigorta ve Emeklilik Faizsiz Sigortacılık Nedir? Hayat Sigortaları Elementer Sigortalar Emeklilik Sağlık Sigortaları Yatırım Ürünleri Hazine Ürünleri Sermaye Piyasası Ürünleri Fonum Ne Getirdi? Yatırım Rehberim Altın Bankacılığı Altın Hesapları Altın Günleri Kuyumcular Aracılığı ile Altın Toplama Canlı Altın Fiyatları Özel Bankacılık Size Özel Hizmetlerimiz Özel Bankacılık Kredi Kartı Biz Bize Bankacılık Biz Bize Bankacılık Biz Bize Plus Biz Bize Yabancı Bankacılık Yabancı Bankacılık Bankacılık İşlemleri Dijital Bankacılık Nasıl Müşteri Olunur? Yurt Dışı İşlemler Kampüs Kampüs Nedir? Kuveyt Türk Kampüs’e Gelenlere Toplamda 13.500 TL Hediye! Ayın Kampüslüsü’ne Özel Fırsatlar! Bir Defa Yurt Dışı Çıkış Harcın Kampüs'ten! Eğitim Harcamalarında Sağlam Avantaj: 5 Taksit Fırsatı! Kampüs’le Finansı Keşfet! Sağlam Kart Kampüs'e Başvur! Yak
